Route,Stop Name,Time 1,Time 2,Time 3,Time 4,Time 5,Time 6,Time 7,Time 8,Time 9,Time 10,Time 11,Time 12,Time 13,Time 14,Time 15,Latitude,Longitude

 1/,LA RUSCA,5.17,5.42,6.14,6.40,7.10,7.25,7.52,8.12,8.22,8.42,8.57,,,,,, 
 1/,PIAZZA MAMELI,5.22,5.47,6.19,6.45,7.15,7.30,7.59,8.19,8.29,8.49,9.04,,,,,44.3383021,8.509778320652172 
 1/,C.SO TARDY & BENECH,5.25,5.50,6.24,7.35,8.24,8.54,,,,,,,,,,44.3026212,8.4703218 
 1/,STAZIONE FF.SS.,5.28,5.53,6.28,6.50,7.20,8.04,8.25,8.34,8.55,9.09,,,,,,, 
 1/,PIAZZALE MORONI,5.33,5.58,6.33,7.25,7.40,8.10,8.30,8.40,9.00,9.15,,,,,,44.3009323,8.4605748 
 1/,LEGINO,5.36,6.01,6.36,7.30,7.45,8.15,8.35,8.45,9.05,9.20,,,,,,44.2955258,8.4522556 
 1/,LEGINO 167,5.40,6.05,6.40,7.35,7.50,8.20,8.40,8.50,9.10,9.25,,,,,,44.2955258,8.4522556 
 1/,LA RUSCA,9.17,9.32,9.47,10.02,10.22,10.37,10.52,11.07,11.27,11.42,11.57,,,,,, 
 1/,PIAZZA MAMELI,9.24,9.39,9.54,10.09,10.29,10.44,10.59,11.14,11.34,11.49,12.04,,,,,44.3383021,8.509778320652172 
 1/,C.SO TARDY & BENECH,9.29,9.59,10.34,11.04,11.39,12.09,,,,,,,,,,44.3026212,8.4703218 
 1/,STAZIONE FF.SS.,9.30,9.44,10.00,10.14,10.35,10.49,11.05,11.19,11.40,11.54,12.10,,,,,, 
 1/,PIAZZALE MORONI,9.35,9.50,10.05,10.20,10.40,10.55,11.10,11.25,11.45,12.00,12.15,,,,,44.3009323,8.4605748 
 1/,LEGINO,9.40,9.55,10.10,10.25,10.45,11.00,11.15,11.30,11.50,12.05,12.20,,,,,44.2955258,8.4522556 
 1/,LEGINO 167,9.45,10.00,10.15,10.30,10.50,11.05,11.20,11.35,11.55,12.10,12.25,,,,,44.2955258,8.4522556 
 1/,LA RUSCA,12.12,12.32,12.47,13.02,13.17,13.37,13.52,14.07,14.22,14.42,14.57,,,,,, 
 1/,PIAZZA MAMELI,12.19,12.39,12.54,13.09,13.24,13.44,13.59,14.14,14.29,14.49,15.04,,,,,44.3383021,8.509778320652172 
 1/,C.SO TARDY & BENECH,12.44,13.14,13.49,14.19,14.54,,,,,,,,,,,44.3026212,8.4703218 
 1/,STAZIONE FF.SS.,12.24,12.45,12.59,13.15,13.29,13.50,14.04,14.20,14.34,14.55,15.09,,,,,, 
 1/,PIAZZALE MORONI,12.30,12.50,13.05,13.20,13.35,13.55,14.10,14.25,14.40,15.00,15.15,,,,,44.3009323,8.4605748 
 1/,LEGINO,12.35,12.55,13.10,13.25,13.40,14.00,14.15,14.30,14.45,15.05,15.20,,,,,44.2955258,8.4522556 
 1/,LEGINO 167,12.40,13.00,13.15,13.30,13.45,14.05,14.20,14.35,14.50,15.10,15.25,,,,,44.2955258,8.4522556 
 1/,LA RUSCA,15.12,15.27,15.47,16.07,16.27,16.52,17.12,17.32,17.57,18.17,18.37,,,,,, 
 1/,PIAZZA MAMELI,15.19,15.34,15.54,16.14,16.34,16.59,17.19,17.39,18.04,18.24,18.44,,,,,44.3383021,8.509778320652172 
 1/,C.SO TARDY & BENECH,15.24,15.59,16.19,17.04,17.24,18.09,18.29,18.49,,,,,,,,44.3026212,8.4703218 
 1/,STAZIONE FF.SS.,15.25,15.39,16.39,17.44,18.49,,,,,,,,,,,, 
 1/,PIAZZALE MORONI,15.30,15.45,16.05,16.25,16.45,17.10,17.30,17.50,18.15,18.35,18.55,,,,,44.3009323,8.4605748 
 1/,LEGINO,15.35,15.50,16.10,16.30,16.50,17.15,17.35,17.55,18.20,18.40,19.00,,,,,44.2955258,8.4522556 
 1/,LEGINO 167,15.40,15.55,16.15,16.35,16.55,17.20,17.40,18.00,18.25,18.45,19.05,,,,,44.2955258,8.4522556 

 1/,LA RUSCA,19.02,19.25,19.55,20.27,21.32,22.32,,,,,,,,,,, 
 1/,PIAZZA MAMELI,19.09,19.30,20.00,20.32,21.37,22.37,,,,,,,,,,44.3383021,8.509778320652172 
 1/,C.SO TARDY & BENECH,19.14,20.05,20.37,21.42,22.42,,,,,,,,,,,44.3026212,8.4703218 
 1/,STAZIONE FF.SS.,19.10,19.35,20.05,20.40,21.45,22.45,,,,,,,,,,, 
 1/,PIAZZALE MORONI,19.20,19.40,20.10,20.45,21.50,22.50,,,,,,,,,,44.3009323,8.4605748 
 1/,LEGINO,19.25,19.45,20.15,20.50,21.55,22.55,,,,,,,,,,44.2955258,8.4522556 
 1/,LEGINO 167,19.30,19.50,20.20,20.55,22.00,23.00,,,,,,,,,,44.2955258,8.4522556 

 1,LEGINO 167,4.55,5.20,5.50,6.15,6.45,7.00,7.25,7.45,7.55,8.15,8.30,,,,,44.2955258,8.4522556 
 1,LEGINO,4.59,5.24,5.57,6.19,6.49,7.04,7.29,7.49,7.59,8.19,8.34,,,,,44.2955258,8.4522556 
 1,PIAZZALE MORONI,5.03,5.28,5.58,6.23,6.53,7.08,7.34,7.54,8.04,8.24,8.39,,,,,44.3009323,8.4605748 
 1,STAZIONE FF.SS.,5.06,5.31,6.01,6.28,6.59,7.41,8.00,8.11,8.30,8.46,,,,,,, 
 1,C.SO TARDY & BE,NECH,5.09,5.34,6.04,6.31,7.14,8.00,8.30,,,,,,,,, 
 1,PIAZZA MAMELI,5.12,5.37,6.07,6.34,7.04,7.19,7.46,8.06,8.16,8.36,8.51,,,,,44.3383021,8.509778320652172 
 1,LA RUSCA,5.17,5.42,6.14,6.40,7.10,7.25,7.52,8.12,8.22,8.42,8.57,,,,,, 
 1,LEGINO 167,8.50,9.05,9.20,9.35,9.55,10.10,10.25,10.40,11.00,11.15,11.30,,,,,44.2955258,8.4522556 
 1,LEGINO,8.54,9.09,9.24,9.39,9.59,10.14,10.29,10.44,11.04,11.19,11.34,,,,,44.2955258,8.4522556 
 1,PIAZZALE MORONI,8.59,9.14,9.29,9.44,10.04,10.19,10.34,10.49,11.09,11.24,11.39,,,,,44.3009323,8.4605748 
 1,STAZIONE FF.SS.,9.05,9.21,9.35,9.51,10.10,10.26,10.40,10.56,11.15,11.31,11.45,,,,,, 
 1,C.SO TARDY & BE,NECH,9.05,9.35,10.10,10.40,11.15,11.45,,,,,,,,,, 
 1,PIAZZA MAMELI,9.11,9.26,9.41,9.56,10.16,10.31,10.46,11.01,11.21,11.36,11.51,,,,,44.3383021,8.509778320652172 
 1,LA RUSCA,9.17,9.32,9.47,10.02,10.22,10.37,10.52,11.07,11.27,11.42,11.57,,,,,, 
 1,LEGINO 167,11.45,12.05,12.20,12.35,12.50,13.10,13.25,13.40,13.55,14.15,14.30,,,,,44.2955258,8.4522556 
 1,LEGINO,11.49,12.09,12.24,12.39,12.54,13.14,13.29,13.44,13.59,14.19,14.34,,,,,44.2955258,8.4522556 
 1,PIAZZALE MORONI,11.54,12.14,12.29,12.44,12.59,13.19,13.34,13.49,14.04,14.24,14.39,,,,,44.3009323,8.4605748 
 1,STAZIONE FF.SS.,12.01,12.20,12.36,12.50,13.06,13.25,13.41,13.55,14.11,14.30,14.46,,,,,, 
 1,C.SO TARDY & BE,NECH,12.20,12.50,13.25,13.55,14.30,,,,,,,,,,, 
 1,PIAZZA MAMELI,12.06,12.26,12.41,12.56,13.11,13.31,13.46,14.01,14.16,14.36,14.51,,,,,44.3383021,8.509778320652172 
 1,LA RUSCA,12.12,12.32,12.47,13.02,13.17,13.37,13.52,14.07,14.22,14.42,14.57,,,,,, 
 1,LEGINO 167,14.45,15.00,15.20,15.40,16.00,16.25,16.45,17.05,17.30,17.50,18.10,,,,,44.2955258,8.4522556 
 1,LEGINO,14.49,15.04,15.24,15.44,16.04,16.29,16.49,17.09,17.34,17.54,18.14,,,,,44.2955258,8.4522556 
 1,PIAZZALE MORONI,14.54,15.09,15.29,15.49,16.09,16.34,16.54,17.14,17.39,17.59,18.19,,,,,44.3009323,8.4605748 
 1,STAZIONE FF.SS.,15.00,15.16,16.16,17.21,18.26,,,,,,,,,,,, 
 1,C.SO TARDY & BE,NECH,15.00,15.35,15.55,16.40,17.00,17.45,18.05,,,,,,,,, 
 1,PIAZZA MAMELI,15.06,15.21,15.41,16.01,16.21,16.46,17.06,17.26,17.51,18.11,18.31,,,,,44.3383021,8.509778320652172 
 1,LA RUSCA,15.12,15.27,15.47,16.07,16.27,16.52,17.12,17.32,17.57,18.17,18.37,,,,,, 

 1,LEGINO 167,18.35,19.00,19.30,20.00,21.05,22.05,,,,,,,,,,44.2955258,8.4522556 
 1,LEGINO,18.39,19.04,19.34,20.04,21.09,22.09,,,,,,,,,,44.2955258,8.4522556 
 1,PIAZZALE MORONI,18.44,19.08,19.38,20.08,21.13,22.13,,,,,,,,,,44.3009323,8.4605748 
 1,STAZIONE FF.SS.,19.14,20.13,21.18,22.18,,,,,,,,,,,,, 
 1,C.SO TARDY & BE,NECH,18.50,19.44,20.16,21.21,22.21,,,,,,,,,,, 
 1,PIAZZA MAMELI,18.56,19.19,19.49,20.21,21.26,22.26,,,,,,,,,,44.3383021,8.509778320652172 
 1,LA RUSCA,19.02,19.25,19.55,20.27,21.32,22.32,,,,,,,,,,, 
 1,LINEE 2 - 2/ CIRCOLARE URBANO SAVONA,,,,,,,,,,,,,,,,, 
 1,PIAZZA MAMELI,6.30,7.00,7.30,8.00,8.35,9.05,9.40,10.10,10.45,11.15,11.50,,,,,44.3383021,8.509778320652172 
 1,VIA XX SETTEMBRE,7.32,8.37,9.42,10.47,11.52,,,,,,,,,,,44.0069022,8.1733816 
 1,PIAZZA GALILEI,7.33,8.38,9.43,10.48,11.53,,,,,,,,,,,44.3310566,8.515990760617818 
 1,PIAZZA BRENNERO,6.33,7.03,8.05,9.10,10.15,11.20,,,,,,,,,,44.315795,8.4773295 
 1,LAVAGNOLA CENTRO,6.35,7.05,8.07,9.12,10.17,11.22,,,,,,,,,,, 
 1,STAZIONE FF.SS.,6.42,7.12,7.35,8.15,8.40,9.20,9.45,10.25,10.50,11.30,11.55,,,,,, 
 1,PIAZZA GALILEI,6.45,7.15,8.18,9.23,10.28,11.33,,,,,,,,,,44.3310566,8.515990760617818 
 1,LAVAGNOLA PONTE,7.40,8.45,9.50,10.55,12.00,,,,,,,,,,,, 
 1,PIAZZA MAMELI,6.55,7.25,7.52,8.30,8.57,9.35,10.02,10.40,11.07,11.45,12.12,,,,,44.3383021,8.509778320652172 
 1,PIAZZA MAMELI,12.20,12.55,13.25,14.00,14.30,15.05,15.35,16.10,16.40,17.15,17.45,,,,,44.3383021,8.509778320652172 
 1,VIA XX SETTEMBRE,12.57,14.02,15.07,16.12,17.17,,,,,,,,,,,44.0069022,8.1733816 
 1,PIAZZA GALILEI,12.58,14.03,15.08,16.13,17.18,,,,,,,,,,,44.3310566,8.515990760617818 
 1,PIAZZA BRENNERO,12.25,13.30,14.35,15.40,16.45,17.50,,,,,,,,,,44.315795,8.4773295 
 1,LAVAGNOLA CENTRO,12.27,13.32,14.37,15.42,16.47,17.52,,,,,,,,,,, 
 1,STAZIONE FF.SS.,12.35,13.00,13.40,14.05,14.45,15.10,15.50,16.15,16.55,17.20,18.00,,,,,, 
 1,PIAZZA GALILEI,12.38,13.43,14.48,15.53,16.58,18.03,,,,,,,,,,44.3310566,8.515990760617818 
 1,LAVAGNOLA PONTE,13.05,14.10,15.15,16.20,17.25,,,,,,,,,,,, 
 1,PIAZZA MAMELI,12.50,13.17,13.55,14.22,15.00,15.27,16.05,16.32,17.10,17.37,18.15,,,,,44.3383021,8.509778320652172 
 1,PIAZZA MAMELI,18.20,18.50,19.20,19.50,20.20,,,,,,,,,,,44.3383021,8.509778320652172 
 1,VIA XX SETTEMBRE,18.22,19.22,,,,,,,,,,,,,,44.0069022,8.1733816 
 1,PIAZZA GALILEI,18.23,19.23,,,,,,,,,,,,,,44.3310566,8.515990760617818 
 1,PIAZZA BRENNERO,18.53,19.53,20.23,,,,,,,,,,,,,44.315795,8.4773295 
 1,LAVAGNOLA CENTRO,18.55,19.55,20.25,,,,,,,,,,,,,, 
 1,STAZIONE FF.SS.,18.25,19.02,19.25,20.02,20.32,,,,,,,,,,,, 
 1,PIAZZA GALILEI,19.05,20.05,20.35,,,,,,,,,,,,,44.3310566,8.515990760617818 
 1,LAVAGNOLA PONTE,18.30,19.30,,,,,,,,,,,,,,, 
 1,PIAZZA MAMELI,18.42,19.15,19.42,20.15,20.45,,,,,,,,,,,44.3383021,8.509778320652172 
 3,STAZIONE FF. SS.,5.35,6.20,6.40,7.25,7.50,8.25,9.00,10.30,11.35,12.05,12.40,,,,,, 
 3,PIAZZA MAMELI,5.40,6.25,6.45,7.30,7.55,8.30,9.05,10.35,11.40,12.10,12.45,,,,,44.3383021,8.509778320652172 
 3,LAVAGNOLA,5.48,6.33,6.53,7.38,8.03,8.38,9.13,10.43,11.48,12.18,12.53,,,,,44.3218105,8.4691291 
 3,SANTUARIO,6.00,6.45,7.05,7.50,8.15,8.50,9.25,10.55,12.00,12.30,13.05,,,,,44.3447079,8.4334959 
 3,CIMAVALLE,6.05,6.50,7.10,8.20,8.55,9.30,11.00,12.05,12.35,,,,,,,44.3389524,8.4210425 
 3,STAZIONE FF. SS.,13.10,13.40,14.15,14.45,15.15,16.25,17.00,17.50,18.40,19.40,20.30,,,,,, 
 3,PIAZZA MAMELI,13.15,13.45,14.20,14.50,15.20,16.30,17.05,17.55,18.45,19.45,20.35,,,,,44.3383021,8.509778320652172 
 3,LAVAGNOLA,13.23,13.53,14.28,14.58,15.28,16.38,17.13,18.03,18.53,19.53,20.43,,,,,44.3218105,8.4691291 
 3,SANTUARIO,13.35,14.05,14.40,15.10,15.40,16.50,17.25,18.15,19.05,20.05,20.55,,,,,44.3447079,8.4334959 
 3,CIMAVALLE,13.40,14.10,14.45,15.15,15.45,17.30,18.20,19.10,20.10,21.00,,,,,,44.3389524,8.4210425 
 3,STAZIONE FF. SS.,21.40,,,,,,,,,,,,,,,, 
 3,PIAZZA MAMELI,21.45,,,,,,,,,,,,,,,44.3383021,8.509778320652172 
 3,LAVAGNOLA,21.53,,,,,,,,,,,,,,,44.3218105,8.4691291 
 3,SANTUARIO,22.05,,,,,,,,,,,,,,,44.3447079,8.4334959 
 3,CIMAVALLE,22.10,,,,,,,,,,,,,,,44.3389524,8.4210425 
 3,STAZIONE FF. SS.,05.40,06.40,07.50,09.00,10.05,11.10,12.30,13.40,14.15,15.15,16.30,,,,,, 
 3,PIAZZA MAMELI,05.45,06.45,07.55,09.05,10.10,11.15,12.35,13.45,14.20,15.20,16.35,,,,,44.3383021,8.509778320652172 
 3,LAVAGNOLA,05.53,06.53,08.03,09.13,10.18,11.23,12.43,13.53,14.28,15.28,16.43,,,,,44.3218105,8.4691291 
 3,SANTUARIO,06.05,07.05,08.15,09.25,10.30,11.35,12.55,14.05,14.40,15.40,16.55,,,,,44.3447079,8.4334959 
 3,CIMAVALLE,07.10,08.20,09.30,10.35,11.40,13.00,14.10,15.45,17.00,,,,,,,44.3389524,8.4210425 
 3,STAZIONE FF. SS.,17.40,18.10,19.05,20.20,21.40,,,,,,,,,,,, 
 3,PIAZZA MAMELI,17.45,18.15,19.10,20.25,21.45,,,,,,,,,,,44.3383021,8.509778320652172 
 3,LAVAGNOLA,17.53,18.23,19.18,20.33,21.53,,,,,,,,,,,44.3218105,8.4691291 
 3,SANTUARIO,18.05,18.35,19.30,20.45,22.05,,,,,,,,,,,44.3447079,8.4334959 
 3,CIMAVALLE,18.10,19.35,20.50,,,,,,,,,,,,,44.3389524,8.4210425 
 4,UNIVERSITA',7.05,7.25,7.50,8.10,8.30,8.50,9.10,9.30,10.00,10.30,11.00,,,,,, 
 4,VIA ALLA ROCCA,7.10,7.30,7.55,8.15,8.35,8.55,9.15,9.35,10.05,10.35,11.05,,,,,44.2301202,8.4087387 
 4,STAZIONE FF.SS.,7.15,7.35,8.00,8.20,8.40,9.00,9.20,9.40,10.10,10.40,11.10,,,,,, 
 4,PIAZZA MAMELI,7.20,7.40,8.05,8.25,8.45,9.05,9.25,9.45,10.15,10.45,11.15,,,,,44.3383021,8.509778320652172 
 4,VIA ALESSANDRIA,7.25,7.45,8.10,8.30,8.50,9.10,9.30,9.50,10.20,10.50,11.20,,,,,44.0914615,8.2222694 
 4,UNIVERSITA',11.30,12.00,12.30,12.50,13.10,13.30,13.50,14.10,14.30,14.50,15.20,,,,,, 
 4,VIA ALLA ROCCA,11.35,12.05,12.35,12.55,13.15,13.35,13.55,14.15,14.35,14.55,15.25,,,,,44.2301202,8.4087387 
 4,STAZIONE FF.SS.,11.40,12.10,12.40,13.00,13.20,13.40,14.00,14.20,14.40,15.00,15.30,,,,,, 
 4,PIAZZA MAMELI,11.45,12.15,12.45,13.05,13.25,13.45,14.05,14.25,14.45,15.05,15.35,,,,,44.3383021,8.509778320652172 
 4,VIA ALESSANDRIA,11.50,12.20,12.50,13.10,13.30,13.50,14.10,14.30,14.50,15.10,15.40,,,,,44.0914615,8.2222694 
 4,UNIVERSITA',15.50,16.20,16.40,17.00,17.20,17.50,18.20,18.50,19.30,,,,,,,, 
 4,VIA ALLA ROCCA,15.55,16.25,16.45,17.05,17.25,17.55,18.25,18.55,19.35,,,,,,,44.2301202,8.4087387 
 4,STAZIONE FF.SS.,16.00,16.30,16.50,17.10,17.30,18.00,18.30,19.00,19.40,,,,,,,, 
 4,PIAZZA MAMELI,16.05,16.35,16.55,17.15,17.35,18.05,18.35,19.05,19.45,,,,,,,44.3383021,8.509778320652172 
 4,VIA ALESSANDRIA,16.10,16.40,17.00,17.20,17.40,18.10,18.40,19.10,19.50,,,,,,,44.0914615,8.2222694 

 4,LA RUSCA,6.40,,,,,,,,,,,,,,,, 
 4,VIA ALESSANDRIA,7.05,7.25,7.45,8.10,8.30,8.50,9.10,,,,,,,,,44.0914615,8.2222694 
 4,PIAZZA MAMELI,6.50,7.10,7.30,7.50,8.15,8.35,8.55,9.15,,,,,,,,44.3383021,8.509778320652172 
 4,STAZIONE FF.SS.,6.55,7.15,7.35,7.55,8.10,8.20,8.35,8.40,9.00,9.00,9.20,,,,,, 
 4,LA ROCCA,7.38,8.43,,,,,,,,,,,,,,44.3039796,8.4602313 
 4,VIA S. ANTONIO,6.58,7.18,7.58,8.23,9.03,9.23,,,,,,,,,,43.9567405,8.1484966 
 4,ZONA PAIP,7.00,7.20,7.40,8.00,8.25,8.45,9.05,9.25,,,,,,,,, 
 4,UNIVERSITA',7.05,7.25,7.45,8.05,8.20,8.30,8.45,8.50,9.10,9.10,9.30,,,,,, 
 4,VIA ALESSANDRIA,9.30,09.50,10.20,10.50,11.20,11.50,12.20,12.50,13.10,13.30,,,,,,44.0914615,8.2222694 
 4,PIAZZA MAMELI,9.35,9.55,10.25,10.55,11.25,11.55,12.25,12.55,13.15,13.35,,,,,,44.3383021,8.509778320652172 
 4,STAZIONE FF.SS.,9.30,9.40,10.00,10.30,11.00,11.30,12.00,12.30,13.00,13.20,13.40,,,,,, 
 4,LA ROCCA,9.43,10.33,11.33,12.33,13.43,,,,,,,,,,,44.3039796,8.4602313 
 4,VIA S. ANTONIO,10.03,11.03,12.03,13.03,13.23,,,,,,,,,,,43.9567405,8.1484966 
 4,ZONA PAIP,9.45,10.05,10.35,11.05,11.35,12.05,12.35,13.05,13.25,13.45,,,,,,, 
 4,UNIVERSITA',9.40,9.50,10.10,10.40,11.10,11.40,12.10,12.40,13.10,13.30,13.50,,,,,, 
 4,VIA ALESSANDRIA,13.50,14.10,14.30,14.50,15.10,15.40,16.10,16.40,17.00,17.20,17.40,,,,,44.0914615,8.2222694 
 4,PIAZZA MAMELI,13.55,14.15,14.35,14.55,15.15,15.45,16.15,16.45,17.05,17.25,17.45,,,,,44.3383021,8.509778320652172 
 4,STAZIONE FF.SS.,14.00,14.20,14.40,15.00,15.20,15.50,16.20,16.50,17.10,17.30,17.50,,,,,, 
 4,LA ROCCA,14.43,15.00,15.20,15.50,16.20,16.53,17.10,17.30,17.53,,,,,,,44.3039796,8.4602313 
 4,VIA S. ANTONIO,14.03,14.23,15.03,15.23,15.53,16.23,17.13,17.33,,,,,,,,43.9567405,8.1484966 
 4,ZONA PAIP,14.05,14.25,14.45,15.05,15.25,15.55,16.25,16.55,17.15,17.35,17.55,,,,,, 
 4,UNIVERSITA',14.10,14.30,14.50,15.10,15.30,16.00,16.30,17.00,17.20,17.40,18.00,,,,,, 
 4,VIA ALESSANDRIA,18.10,18.40,19.10,19.50,,,,,,,,,,,,44.0914615,8.2222694 
 4,PIAZZA MAMELI,18.15,18.45,19.15,19.55,,,,,,,,,,,,44.3383021,8.509778320652172 
 4,STAZIONE FF.SS.,18.20,18.50,19.20,20.00,,,,,,,,,,,,, 
 4,LA ROCCA,18.20,18.53,19.20,20.00,,,,,,,,,,,,44.3039796,8.4602313 
 4,VIA S. ANTONIO,18.23,19.23,20.03,,,,,,,,,,,,,43.9567405,8.1484966 
 4,ZONA PAIP,18.25,18.55,19.25,20.05,,,,,,,,,,,,, 
 4,UNIVERSITA',18.30,19.00,19.30,20.10,,,,,,,,,,,,, 
 5,SAN PAOLO - STAZIONE FF.SS.,,,,,,,,,,,,,,,,, 

 5,STAZIONE FF.SS.,5.57,6.32,6.57,7.12,7.27,7.42,7.57,8.12,8.27,8.42,,,,,,, 
 5,FONTANASSA,5.30,6.00,6.35,7.00,7.15,7.30,7.45,8.00,8.15,8.3,8.45,,,,,44.3093746,8.4605012 
 5,C.SO TARDY & BENECH,5.21,5.35,6.05,6.30,6.40,7.05,7.20,7.35,7.50,8.05,8.20,8.35,8.5,,,44.3026212,8.4703218 
 5,PIAZZA MAMELI,5.26,5.40,6.10,6.35,6.45,7.10,7.25,7.40,7.55,8.10,8.25,8.4,8.55,,,44.3383021,8.509778320652172 
 5,OSPEDALE SAN PAOLO,5.35,5.49,6.19,6.44,6.54,7.19,7.34,7.49,8.04,8.19,8.34,8.49,9.04,,,44.31984755,8.491300976228565 
 5,SAN BENEDETTO,5.40,5.54,6.24,6.49,6.59,7.24,7.24,7.39,7.54,8.09,8.24,8.39,8.54,9.09,,44.189643000000004,8.320460648195832 
 5,OSPEDALE SAN PAOLO,5.44,5.58,6.28,6.53,7.03,7.28,7.28,7.43,7.58,8.13,8.28,8.43,8.58,9.13,,44.31984755,8.491300976228565 
 5,OSPEDALE SAN PAOLO,5.44,6.19,6.39,6.59,7.14,7.29,7.29,7.43,7.58,8.13,8.28,8.43,8.58,9.13,,44.31984755,8.491300976228565 
 5,PIAZZA MAMELI,5.53,6.28,6.48,7.08,7.23,7.38,7.38,7.52,8.07,8.22,8.37,8.52,9.07,9.22,,44.3383021,8.509778320652172 
 5,STAZIONE FF.SS.,5.57,6.32,6.52,7.12,7.27,7.42,7.42,7.56,8.11,8.26,8.41,8.56,9.11,9.26,,, 
 5,STAZIONE FF.SS.,8.57,9.12,9.27,9.42,9.57,10.12,10.27,10.42,10.57,11.12,11.27,11.42,11.57,12.12,,, 
 5,FONTANASSA,9.00,9.15,9.30,9.45,10.00,10.15,10.30,10.45,11.00,11.15,11.30,11.45,12.0,12.15,,44.3093746,8.4605012 
 5,C.SO TARDY & BENECH,9.05,9.20,9.35,9.50,10.05,10.20,10.35,10.50,11.05,11.20,11.35,11.50,12.05,12.2,,44.3026212,8.4703218 
 5,PIAZZA MAMELI,9.10,9.25,9.40,9.55,10.10,10.25,10.40,10.55,11.10,11.25,11.40,11.55,12.1,12.25,,44.3383021,8.509778320652172 
 5,OSPEDALE SAN PAOLO,9.19,9.34,9.49,10.04,10.19,10.34,10.49,11.04,11.19,11.34,11.49,12.04,12.19,12.34,,44.31984755,8.491300976228565 
 5,SAN BENEDETTO,9.24,9.39,9.54,10.09,10.24,10.39,10.54,11.09,11.24,11.39,11.54,12.09,12.24,12.39,,44.189643000000004,8.320460648195832 
 5,OSPEDALE SAN PAOLO,9.28,9.43,9.58,10.13,10.28,10.43,10.58,11.13,11.28,11.43,11.58,12.13,12.28,12.43,,44.31984755,8.491300976228565 
 5,OSPEDALE SAN PAOLO,9.28,9.43,9.58,10.13,10.28,10.43,10.58,11.13,11.28,11.43,11.58,12.13,12.28,12.43,,44.31984755,8.491300976228565 
 5,PIAZZA MAMELI,9.37,9.52,10.07,10.22,10.37,10.52,11.07,11.22,11.37,11.52,12.07,12.22,12.37,12.52,,44.3383021,8.509778320652172 
 5,STAZIONE FF.SS.,9.41,9.56,10.11,10.26,10.41,10.56,11.11,11.26,11.41,11.56,12.11,12.26,12.41,12.56,,, 

 5,STAZIONE FF.SS.,12.27,12.42,12.57,13.12,13.27,13.42,13.57,14.17,14.41,15.01,15.25,15.45,15.57,16.09,,, 
 5,FONTANASSA,12.30,12.45,13.00,13.15,13.30,13.45,14.00,14.20,14.44,15.04,15.28,15.48,16.0,16.12,,44.3093746,8.4605012 
 5,C.SO TARDY & BENECH,12.35,12.50,13.05,13.20,13.35,13.50,14.05,14.25,14.49,15.09,15.33,15.53,16.05,16.17,,44.3026212,8.4703218 
 5,PIAZZA MAMELI,12.40,12.55,13.10,13.25,13.40,13.55,14.10,14.30,14.54,15.14,15.38,15.58,16.1,16.22,,44.3383021,8.509778320652172 
 5,OSPEDALE SAN PAOLO,12.49,13.04,13.19,13.34,13.49,14.04,14.19,14.39,15.03,15.23,15.47,16.07,16.19,16.31,,44.31984755,8.491300976228565 
 5,SAN BENEDETTO,12.54,13.09,13.24,13.39,13.54,14.09,14.24,14.44,15.08,15.28,15.52,16.12,16.24,16.36,,44.189643000000004,8.320460648195832 
 5,OSPEDALE SAN PAOLO,12.58,13.13,13.28,13.43,13.58,14.13,14.28,14.48,15.12,15.32,15.56,16.16,16.28,16.4,,44.31984755,8.491300976228565 
 5,OSPEDALE SAN PAOLO,12.58,13.13,13.28,13.43,14.04,14.13,14.28,14.48,15.12,15.32,15.56,16.16,16.28,16.4,,44.31984755,8.491300976228565 
 5,PIAZZA MAMELI,13.07,13.22,13.37,13.52,14.13,14.22,14.37,14.57,15.21,15.41,16.05,16.25,16.37,16.49,,44.3383021,8.509778320652172 
 5,STAZIONE FF.SS.,13.11,13.26,13.41,13.56,14.17,14.26,14.41,15.01,15.25,15.45,16.09,16.29,16.41,16.53,,, 
 5,FONTANASSA,14.29,16.44,,,,,,,,,,,,,,44.3093746,8.4605012 
 5,STAZIONE FF.SS.,16.29,16.53,17.13,17.37,17.57,18.21,18.41,19.05,19.25,19.43,20.27,21.32,,,,, 
 5,FONTANASSA,16.32,16.56,17.16,17.40,18.00,18.24,18.44,19.08,19.28,19.56,20.30,21.35,,,,44.3093746,8.4605012 
 5,C.SO TARDY & BENECH,16.37,17.01,17.21,17.45,18.05,18.29,18.49,19.13,19.33,19.51,20.35,21.40,,,,44.3026212,8.4703218 
 5,PIAZZA MAMELI,16.42,17.06,17.26,17.50,18.10,18.34,18.54,19.18,19.38,19.56,20.40,21.45,,,,44.3383021,8.509778320652172 
 5,OSPEDALE SAN PAOLO,16.51,17.15,17.35,17.59,18.19,18.43,19.03,19.27,19.47,20.05,20.49,21.54,,,,44.31984755,8.491300976228565 
 5,SAN BENEDETTO,16.56,17.20,17.40,18.04,18.24,18.48,19.08,19.32,19.52,20.10,20.55,21.59,,,,44.189643000000004,8.320460648195832 
 5,OSPEDALE SAN PAOLO,17.00,17.24,17.44,18.08,18.28,18.52,19.12,19.36,19.56,20.14,20.59,22.03,,,,44.31984755,8.491300976228565 
 5,OSPEDALE SAN PAOLO,17.00,17.24,17.44,18.08,18.28,18.52,19.12,19.36,19.56,20.14,21.19,22.15,,,,44.31984755,8.491300976228565 
 5,PIAZZA MAMELI,17.09,17.33,17.53,18.17,18.37,19.01,19.21,19.45,20.05,20.23,21.28,22.24,,,,44.3383021,8.509778320652172 
 5,STAZIONE FF.SS.,17.13,17.37,17.57,18.21,18.41,19.05,19.25,19.49,20.09,20.27,21.32,22.28,,,,, 
 5,FONTANASSA,19.52,20.12,22.31,,,,,,,,,,,,,44.3093746,8.4605012 

 7/,STAZIONE FF.SS.,05.50,06.40,06.50,07.20,07.50,08.15,08.40,09.10,09.40,10.10,10.40,11.10,11.4,,,, 
 7/,VIA XX SETTEMBRE,05.55,06.45,06.55,07.25,07.55,08.20,08.45,09.15,09.45,10.15,10.45,11.15,11.45,,,44.0069022,8.1733816 
 7/,ALBISSOLA MARE,06.02,06.52,07.02,07.32,08.05,08.30,08.55,09.25,09.55,10.25,10.55,11.25,11.55,,,, 
 7/,ALBISOLA CAPO,06.05,06.55,07.05,07.35,08.08,08.33,08.58,09.28,09.58,10.28,10.58,11.28,11.58,,,44.3300864,8.5158377 
 7/,LOC. LA PACE,06.10,07.00,07.10,07.40,08.15,08.40,09.05,09.35,10.05,10.35,11.05,11.35,12.05,,,, 
 7/,STAZIONE FF.SS.,12.10,12.40,13.10,13.40,14.10,14.40,15.10,15.40,16.10,16.40,17.10,17.40,18.1,,,, 
 7/,VIA XX SETTEMBRE,12.15,12.45,13.15,13.45,14.15,14.45,15.15,15.45,16.15,16.45,17.15,17.45,18.15,,,44.0069022,8.1733816 
 7/,ALBISSOLA MARE,12.25,12.55,13.25,13.55,14.25,14.55,15.25,15.55,16.25,16.55,17.25,17.55,18.25,,,, 
 7/,ALBISOLA CAPO,12.28,12.58,13.28,13.58,14.28,14.58,15.28,15.58,16.28,16.58,17.28,17.58,18.28,,,44.3300864,8.5158377 
 7/,LOC. LA PACE,12.35,13.05,13.35,14.05,14.35,15.05,15.35,16.05,16.35,17.05,17.35,18.05,18.35,,,, 

 7/,STAZIONE FF.SS.,18.40,19.10,19.55,,,,,,,,,,,,,, 
 7/,VIA XX SETTEMBRE,18.45,19.15,20.00,,,,,,,,,,,,,44.0069022,8.1733816 
 7/,ALBISSOLA MARE,18.55,19.25,20.10,,,,,,,,,,,,,, 
 7/,ALBISOLA CAPO,18.58,19.28,20.13,,,,,,,,,,,,,44.3300864,8.5158377 
 7/,LOC. LA PACE,19.05,19.35,20.20,,,,,,,,,,,,,, 

 7/,LA PACE,06.10,07.00,07.10,07.40,08.15,08.40,09.05,09.35,10.05,10.35,11.05,11.35,12.05,,,44.3323916,8.5119346 
 7/,ALBISOLA CAPO,06.23,07.05,07.15,07.47,08.22,08.47,09.12,09.42,10.12,10.42,11.12,11.42,12.12,,,44.3300864,8.5158377 
 7/,ALBISSOLA MARE,06.26,07.08,07.18,07.50,08.25,08.50,09.15,09.45,10.15,10.45,11.15,11.45,12.15,,,, 
 7/,VIA PALEOCAPA,06.33,07.15,07.25,08.00,08.35,08.55,09.20,09.50,10.20,10.50,11.20,11.50,12.2,,,44.3096752,8.4846763 
 7/,STAZIONE FF.SS.,06.38,07.20,07.30,08.10,08.40,09.00,09.25,09.55,10.25,10.55,11.25,11.55,12.25,,,, 
 7/,LA PACE,12.35,13.05,13.35,14.05,14.35,15.05,15.35,16.05,16.35,17.05,17.35,18.05,18.35,,,44.3323916,8.5119346 
 7/,ALBISOLA CAPO,12.42,13.12,13.42,14.12,14.42,15.12,15.42,16.12,16.42,17.12,17.42,18.12,18.42,,,44.3300864,8.5158377 
 7/,ALBISSOLA MARE,12.45,13.15,13.45,14.15,14.45,15.15,15.45,16.15,16.45,17.15,17.45,18.15,18.45,,,, 
 7/,VIA PALEOCAPA,12.50,13.20,13.50,14.20,14.50,15.20,15.50,16.20,16.50,17.20,17.50,18.20,18.5,,,44.3096752,8.4846763 
 7/,STAZIONE FF.SS.,12.55,13.25,13.55,14.25,14.55,15.25,15.55,16.25,16.55,17.25,17.55,18.25,18.55,,,, 

 7/,LA PACE,19.05,19.35,20.20,,,,,,,,,,,,,44.3323916,8.5119346 
 7/,ALBISOLA CAPO,19.12,19.42,20.32,,,,,,,,,,,,,44.3300864,8.5158377 
 7/,ALBISSOLA MARE,19.15,19.45,20.35,,,,,,,,,,,,,, 
 7/,VIA PALEOCAPA,19.20,19.50,20.40,,,,,,,,,,,,,44.3096752,8.4846763 
 7/,STAZIONE FF.SS.,19.25,19.55,20.45,,,,,,,,,,,,,, 
 7/,STAZIONE FF.SS.,07.10,08.10,09.10,10.10,11.10,12.10,13.10,14.10,15.10,16.10,17.10,18.10,19.1,,,, 
 7/,VIA XX SETTEMBRE,07.15,08.15,09.15,10.15,11.15,12.15,13.15,14.15,15.15,16.15,17.15,18.15,19.15,,,44.0069022,8.1733816 
 7/,ALBISSOLA MARE,07.22,08.22,09.22,10.22,11.22,12.22,13.22,14.22,15.22,16.22,17.22,18.22,19.22,,,, 
 7/,ALBISOLA CAPO,07.25,08.25,09.25,10.25,11.25,12.25,13.25,14.25,15.25,16.25,17.25,18.25,19.25,,,44.3300864,8.5158377 
 7/,LOC. LA PACE,07.30,08.30,09.30,10.30,11.30,12.30,13.30,14.30,15.30,16.30,17.30,18.30,19.3,,,, 
 7/,LA PACE,07.30,08.30,09.30,10.30,11.30,12.30,13.30,14.30,15.30,16.30,17.30,18.30,19.3,,,44.3323916,8.5119346 
 7/,ALBISOLA CAPO,07.37,08.37,09.37,10.37,11.37,12.37,13.37,14.37,15.37,16.37,17.37,18.37,19.37,,,44.3300864,8.5158377 
 7/,ALBISSOLA MARE,07.40,08.40,09.40,10.40,11.40,12.40,13.40,14.40,15.40,16.40,17.40,18.40,19.4,,,, 
 7/,VIA PALEOCAPA,07.45,08.45,09.45,10.45,11.45,12.45,13.45,14.45,15.45,16.45,17.45,18.45,19.45,,,44.3096752,8.4846763 
 7/,STAZIONE FF.SS.,07.50,08.50,09.50,10.50,11.50,12.50,13.50,14.50,15.50,16.50,17.50,18.50,19.5,,,, 

 7,STAZIONE FF.SS.,05.50,06.30,06.50,07.10,07.35,08.00,08.30,08.55,09.25,09.55,10.25,10.55,11.25,,,, 
 7,VIA XX SETTEMBRE,05.55,06.35,06.55,07.15,07.40,08.05,08.35,09.00,09.30,10.00,10.30,11.00,11.3,,,44.0069022,8.1733816 
 7,ALBISSOLA MARE,06.02,06.42,07.02,07.22,07.50,08.15,08.45,09.10,09.40,10.10,10.40,11.10,11.4,,,, 
 7,ALBISOLA CAPO,06.05,06.45,07.05,07.25,07.53,08.18,08.48,09.13,09.43,10.13,10.43,11.13,11.43,,,44.3300864,8.5158377 
 7,LUCETO,06.18,06.50,07.10,07.30,08.00,08.25,08.55,09.20,09.50,10.20,10.50,11.20,11.5,,,44.3453951,8.5016334 
 7,STAZIONE FF.SS.,11.55,12.25,12.55,13.25,13.55,14.30,14.55,15.25,15.55,16.25,16.55,17.25,17.55,,,, 
 7,VIA XX SETTEMBRE,12.00,12.30,13.00,13.30,14.00,14.35,15.00,15.30,16.00,16.30,17.00,17.30,18.0,,,44.0069022,8.1733816 
 7,ALBISSOLA MARE,12.10,12.40,13.10,13.40,14.10,14.45,15.10,15.40,16.10,16.40,17.10,17.40,18.1,,,, 
 7,ALBISOLA CAPO,12.13,12.43,13.13,13.43,14.13,14.48,15.13,15.43,16.13,16.43,17.13,17.43,18.13,,,44.3300864,8.5158377 
 7,LUCETO,12.20,12.50,13.20,13.50,14.20,14.55,15.20,15.50,16.20,16.50,17.20,17.50,18.2,,,44.3453951,8.5016334 

 7,STAZIONE FF.SS.,18.25,18.55,19.30,19.55,20.20,21.10,,,,,,,,,,, 
 7,VIA XX SETTEMBRE,18.30,19.00,19.35,20.00,20.25,21.15,,,,,,,,,,44.0069022,8.1733816 
 7,ALBISSOLA MARE,18.40,19.10,19.42,20.07,20.32,21.22,,,,,,,,,,, 
 7,ALBISOLA CAPO,18.43,19.13,19.45,20.10,20.35,21.25,,,,,,,,,,44.3300864,8.5158377 
 7,LUCETO,18.50,19.20,19.50,20.25,20.40,21.30,,,,,,,,,,44.3453951,8.5016334 

 7,LUCETO,06.18,06.50,07.10,07.10,07.30,08.00,08.25,08.55,09.20,09.50,10.20,10.50,11.2,,,44.3453951,8.5016334 
 7,ALBISOLA CAPO,06.23,06.55,07.15,07.15,07.37,08.07,08.32,09.02,09.27,09.57,10.27,10.57,11.27,,,44.3300864,8.5158377 
 7,ALBISSOLA MARE,06.26,06.58,07.18,07.18,07.40,08.10,08.35,09.05,09.30,10.00,10.30,11.00,11.3,,,, 
 7,VIA PALEOCAPA,06.33,07.05,07.25,07.25,07.50,08.20,08.40,09.10,09.35,10.05,10.35,11.05,11.35,,,44.3096752,8.4846763 
 7,STAZIONE FF.SS.,06.38,07.10,07.30,08.00,08.30,08.45,09.15,09.40,10.10,10.40,11.10,11.4,,,,, 
 7,LUCETO,11.50,12.20,12.50,13.20,13.50,14.20,14.55,15.20,15.50,16.20,16.50,17.20,17.5,,,44.3453951,8.5016334 
 7,ALBISOLA CAPO,11.57,12.27,12.57,13.27,13.57,14.27,15.02,15.27,15.57,16.27,16.57,17.27,17.57,,,44.3300864,8.5158377 
 7,ALBISSOLA MARE,12.00,12.30,13.00,13.30,14.00,14.30,15.05,15.30,16.00,16.30,17.00,17.30,18.0,,,, 
 7,VIA PALEOCAPA,12.05,12.35,13.05,13.35,14.05,14.35,15.10,15.35,16.05,16.35,17.05,17.35,18.05,,,44.3096752,8.4846763 
 7,STAZIONE FF.SS.,12.10,12.40,13.10,13.40,14.10,14.40,15.15,15.40,16.10,16.40,17.10,17.40,18.1,,,, 
 7,LUCETO,18.20,18.50,19.20,19.50,20.25,20.40,21.30,,,,,,,,,44.3453951,8.5016334 
 7,ALBISOLA CAPO,18.27,18.57,19.27,19.57,20.32,20.47,21.37,,,,,,,,,44.3300864,8.5158377 
 7,ALBISSOLA MARE,18.30,19.00,19.30,20.00,20.35,20.50,21.40,,,,,,,,,, 
 7,VIA PALEOCAPA,18.35,19.05,19.35,20.05,20.40,20.55,21.45,,,,,,,,,44.3096752,8.4846763 
 7,STAZIONE FF.SS.,18.40,19.10,19.40,20.10,20.45,21.00,21.50,,,,,,,,,, 

 10,STAZIONE FF.SS.,----,----,----,07.25,07.45,----,----,----,----,----,----,,,,,, 
 10,VIA XX SETTEMBRE,----,----,----,07.31,07.49,----,----,----,----,----,----,,,,,44.0069022,8.1733816 
 10,PIAZZA MAMELI,----,----,----,----,----,----,----,----,----,12.20,----,,,,,44.3383021,8.509778320652172 
 10,VADO LIGURE,06.00,----,07.00,07.46,08.05,08.15,09.10,10.30,11.20,12.30,13.35,,,,,44.2714401,8.4382205 
 10,SAN GENESIO,----,06.43,----,----,----,----,09.20,----,----,----,13.40,,,,,44.2621957,8.430237 

 10,CIMITERO VADO,----,----,----,----,----,----,09.25,----,----,----,----,,,,,44.26953245,8.420369419468152 
 10,SANT'ERMETE,06.10,06.50,07.12,07.59,----,08.25,09.30,10.40,11.30,12.40,13.45,,,,,44.2582677,8.4043969 
 10,SEGNO CUNIO,06.25,07.00,07.25,----,----,08.40,09.40,10.55,11.45,12.55,14.05,,,,,, 
 10,SANT'ERMETE,06.35,07.12,07.37,----,----,08.52,09.54,11.07,11.57,13.07,14.17,,,,,44.2582677,8.4043969 
 10,CIMITERO VADO,----,----,----,----,----,----,10.00,----,----,----,----,,,,,44.26953245,8.420369419468152 

 10,SAN GENESIO,06.43,----,07.43,----,----,----,----,----,----,----,----,,,,,44.2621957,8.430237 
 10,VADO LIGURE,----,----,07.50,----,----,09.05,10.05,11.20,12.10,13.20,14.30,,,,,44.2714401,8.4382205 
 10,CORSA A,CORSA A,,,,,,,,,,,,,,,, 


 10,VADO LIGURE,14.05,14.35,15.35,16.45,17.40,18.40,19.40,20.35,,,,,,,,44.2714401,8.4382205 
 10,SAN GENESIO,----,14.40,----,----,----,----,----,----,,,,,,,,44.2621957,8.430237 

 10,CIMITERO VADO,----,----,15.40,----,----,----,----,----,,,,,,,,44.26953245,8.420369419468152 
 10,SANT'ERMETE,14.15,14.45,15.47,16.55,17.50,18.50,19.50,20.45,,,,,,,,44.2582677,8.4043969 
 10,SEGNO CUNIO,14.30,15.05,16.05,17.10,18.05,19.05,20.05,21.00,,,,,,,,, 
 10,SANT'ERMETE,----,15.17,16.17,17.22,18.17,19.17,20.17,21.12,,,,,,,,44.2582677,8.4043969 
 10,CIMITERO VADO,----,----,16.25,----,----,----,----,----,,,,,,,,44.26953245,8.420369419468152 

 10,SAN GENESIO,----,----,----,----,----,----,----,----,,,,,,,,44.2621957,8.430237 
 10,VADO LIGURE,----,15.30,16.35,17.35,18.30,19.30,20.30,21.25,,,,,,,,44.2714401,8.4382205 
 10,VADO LIGURE,07.46,09.46,10.46,13.16,14.46,17.16,19.16,,,,,,,,,44.2714401,8.4382205 
 10,CIMITERO VADO,----,09.51,10.49,----,----,----,----,,,,,,,,,44.26953245,8.420369419468152 
 10,SANT'ERMETE,07.54,09.54,10.54,13.24,14.54,17.24,19.24,,,,,,,,,44.2582677,8.4043969 
 10,SEGNO CUNIO,08.11,10.11,----,13.41,15.11,17.41,19.41,,,,,,,,,, 
 10,SANT'ERMETE,08.24,10.24,10.54,13.54,15.24,17.54,19.54,,,,,,,,,44.2582677,8.4043969 
 10,CIMITERO VADO,----,----,10.59,----,----,----,----,,,,,,,,,44.26953245,8.420369419468152 
 10,VADO LIGURE,08.34,10.34,11.07,14.04,15.34,18.04,20.04,,,,,,,,,44.2714401,8.4382205 
 N.,QUILIANO ORSO,06.25,07.05,12.10,13.20,13.55,17.45,,,,,,,,,,, 
 N.,QUILIANO MULINI,06.30,07.15,12.20,13.30,14.00,17.50,,,,,,,,,,, 
 N.,ROVIASCA,06.35,07.20,12.25,13.35,14.05,17.55,,,,,,,,,,44.2935068,8.3648669 
 N.,MONTAGNA,06.45,07.30,12.35,13.40,14.15,18.05,,,,,,,,,,44.2827846,8.3714516 
 N.,QUILIANO MULINI,06.55,07.40,12.45,13.45,14.25,18.10,,,,,,,,,,, 
 N.,QUILIANO ORSO,07.05,07.50,12.55,13.55,14.35,18.20,,,,,,,,,,, 
 N.,VALLEGGIA,07.55,,,,,,,,,,,,,,,44.2837117,8.4286666 
 N.,VADO LIGURE,08.05,,,,,,,,,,,,,,,44.2714401,8.4382205 

 12,PIAZZA MAMELI,09.20,11.50,13.15,16.30,18.20,,,,,,,,,,,44.3383021,8.509778320652172 
 12,LAVAGNOLA,07.00,09.30,11.55,13.45,16.35,18.40,,,,,,,,,,44.3218105,8.4691291 
 12,MARMORASSI,07.15,09.45,12.10,14.00,16.50,18.55,,,,,,,,,,44.3311224,8.4646017 

 12,MARMORASSI,07.15,09.45,12.10,14.00,16.50,18.55,,,,,,,,,,44.3311224,8.4646017 
 12,LAVAGNOLA,07.25,10.00,12.25,14.15,17.05,19.00,,,,,,,,,,44.3218105,8.4691291 
 12,PIAZZA SAFFI,07.32,12.28,17.18,19.03,,,,,,,,,,,,44.3110263,8.47775911122449 
 12,PIAZZA MAMELI,12.30,17.20,19.05,,,,,,,,,,,,,44.3383021,8.509778320652172 
 12,STAZIONE FF.SS.,17.25,19.07,,,,,,,,,,,,,,, 
 12,PIAZZA MAMELI,08.10,,,,,,,,,,,,,,,44.3383021,8.509778320652172 
 12,LAVAGNOLA,08.15,10.00,14.15,17.05,,,,,,,,,,,,44.3218105,8.4691291 
 12,CIANTAGALLETTO,08.20,10.05,14.20,17.10,,,,,,,,,,,,44.3276762,8.4585675 
 12,CIANTAGALLETTO,08.20,10.05,14.20,17.10,,,,,,,,,,,,44.3276762,8.4585675 
 12,LAVAGNOLA,08.25,10.10,14.25,17.15,,,,,,,,,,,,44.3218105,8.4691291 
 12,PIAZZA SAFFI,08.27,10.13,14.28,17.18,,,,,,,,,,,,44.3110263,8.47775911122449 
 12,PIAZZA MAMELI,08.30,10.15,14.30,17.20,,,,,,,,,,,,44.3383021,8.509778320652172 

 13,PIAZZA MAMELI,07.45,11.30,13.15,18.20,,,,,,,,,,,,44.3383021,8.509778320652172 
 13,PIAZZA SAFFI,07.47,11.32,13.17,18.22,,,,,,,,,,,,44.3110263,8.47775911122449 
 13,VIA RUSCA,07.50,11.36,13.20,18.25,,,,,,,,,,,,44.3208818,8.4762302 
 13,VIA RUSCA ALTA,07.55,11.38,13.25,18.30,,,,,,,,,,,,, 
 13,VIA RUSCA,08.00,11.43,13.30,18.35,,,,,,,,,,,,44.3208818,8.4762302 
 13,LAVAGNOLA,13.35,18.40,,,,,,,,,,,,,,44.3218105,8.4691291 
 13,PIAZZA MAMELI,08.05,11.48,,,,,,,,,,,,,,44.3383021,8.509778320652172 
 14,CELLE LIGURE,10.10 A,11.40 A,,,,,,,,,,,,,,44.3463235,8.5444342 
 14,PECORILE,10.17,11.47,,,,,,,,,,,,,,44.3385856,8.5281559 
 14,CELLE LIGURE,10.25,11.55,,,,,,,,,,,,,,44.3463235,8.5444342 
 15,PIAZZA MAMELI,06.06,06.46,07.42,08.41,09.31,10.21,11.11,12.01,13.01,,,,,,,44.3383021,8.509778320652172 
 15,LA RUSCA,06.12,06.52,07.48,08.47,09.37,10.27,11.17,12.07,13.07,,,,,,,, 
 15,PIAZZA MAMELI,06.17,06.57,07.53,08.52,09.42,10.32,11.22,12.12,13.12,,,,,,,44.3383021,8.509778320652172 
 15,VIA TURATI,06.26,07.06,08.02,09.01,09.51,10.41,11.31,12.21,13.21,,,,,,,44.3391121,8.5098914 
 15,OSPEDALE SAN PAOLO,06.30,07.10,08.06,09.05,09.55,10.45,11.35,12.25,13.25,,,,,,,44.31984755,8.491300976228565 
 15,ALBISSOLA MARE via,I. Negri,07.20,13.35,,,,,,,,,,,,,, 
 15,CAPOLINEA VIA OLIV,ETTA,06.32,07.28,08.08,09.07,09.57,10.47,11.37,12.27,13.43,,,,,,, 
 15,OSPEDALE SAN PAOLO,06.34,07.30,08.10,09.09,09.59,10.49,11.39,12.29,13.45,,,,,,,44.31984755,8.491300976228565 
 15,VIA TURATI,06.38,07.34,07.37,08.14,09.13,10.03,10.53,11.43,12.33,13.49,,,,,,44.3391121,8.5098914 
 15,PIAZZA MAMELI,06.46,07.42,07.45,08.22,09.21,10.11,11.01,11.51,12.41,13.57,,,,,,44.3383021,8.509778320652172 
 15,PIAZZA MAMELI,13.57,14.51,15.41,16.31,17.21,18.11,19.01,19.41,,,,,,,,44.3383021,8.509778320652172 
 15,LA RUSCA,14.03,14.57,15.47,16.37,17.27,18.17,19.07,19.47,,,,,,,,, 
 15,STAZIONE FF.SS.,19.25,,,,,,,,,,,,,,,, 
 15,PIAZZA MAMELI,14.08,15.02,15.52,16.42,17.32,18.22,19.12,19.32,19.52,,,,,,,44.3383021,8.509778320652172 
 15,VIA TURATI,14.17,15.11,16.01,16.51,17.41,18.31,19.21,19.41,,,,,,,,44.3391121,8.5098914 
 15,OSPEDALE SAN PAOLO,14.21,15.15,16.05,16.55,17.45,18.35,19.25,19.45,,,,,,,,44.31984755,8.491300976228565 
 15,CAPOLINEA VIA OLIV,ETTA,14.23,15.17,16.07,16.57,17.47,18.37,19.27,19.47,,,,,,,, 
 15,ALBISSOLA MARE via,I. Negri,19.57,,,,,,,,,,,,,,, 
 15,OSPEDALE SAN PAOLO,14.25,15.19,16.09,16.59,17.49,18.39,19.29,20.05,,,,,,,,44.31984755,8.491300976228565 
 15,VIA TURATI,14.29,15.23,16.13,17.03,17.53,18.43,19.33,20.09,,,,,,,,44.3391121,8.5098914 
 15,PIAZZA MAMELI,14.37,15.31,16.21,17.11,18.01,18.51,19.41,20.17,,,,,,,,44.3383021,8.509778320652172 
 15,STAZIONE FF.SS.,20.25,,,,,,,,,,,,,,,, 

 16,PARETO,06.20,13.20,14.50,15.40,,,,,,,,,,,,44.2052339,8.4139912 
 16,MIOGLIA,06.30,13.30,15.00,15.50,,,,,,,,,,,,44.4904597,8.4124727 
 16,PONTINVREA,06.45,13.45,15.15,16.05,,,,,,,,,,,,44.4446264,8.43446 
 16,GIOVO LIGURE,06.50,13.50,16.10,,,,,,,,,,,,,44.4299826,8.4741004 
 16,STELLA S.GIUSTINA,07.00,13.55,16.20,,,,,,,,,,,,,44.41582,8.48252 
 16,STELLA S.GIOVANNI,07.05,14.15,16.30,,,,,,,,,,,,,44.3798167,8.468967 
 16,ALBISOLA CAPO,07.20,14.40,16.47,,,,,,,,,,,,,44.3300864,8.5158377 
 16,SAVONA VIA PALEOCAPA,07.35,14.55,16.55,,,,,,,,,,,,,44.3086837,8.4800839 
 16,SAVONA STAZIONE FF.SS.,07.40,15.00,17.00,,,,,,,,,,,,,, 

 16,SAVONA STAZIONE FF.SS.,11.50,13.30,14.30,18.15,,,,,,,,,,,,, 
 16,SAVONA VIA XX SETTEMBRE,11.55,13.35,14.35,18.20,,,,,,,,,,,,, 
 16,ALBISOLA CAPO,12.08,13.48,14.49,18.33,,,,,,,,,,,,44.3300864,8.5158377 
 16,STELLA S.GIOVANNI,12.25,14.00,15.00,18.50,,,,,,,,,,,,44.3798167,8.468967 
 16,STELLA S.GIUSTINA,12.35,14.15,15.10,19.00,,,,,,,,,,,,44.41582,8.48252 
 16,GIOVO LIGURE,12.40,14.20,15.15,19.05,,,,,,,,,,,,44.4299826,8.4741004 
 16,PONTINVREA,12.45,14.25,15.20,19.10,,,,,,,,,,,,44.4446264,8.43446 
 16,MIOGLIA,13.00,14.40,15.30,19.25,,,,,,,,,,,,44.4904597,8.4124727 
 16,PARETO,13.10,14.50,15.40,19.35,,,,,,,,,,,,44.2052339,8.4139912 
 16,PARETO,07.30,17.30,SAVONA STAZIONE FF.SS.,08.55,18.55,,,,,,,,,,,44.2052339,8.4139912 
 16,MIOGLIA,07.45,17.45,SAVONA VIA XX SETTEMBRE,09.00,19.00,,,,,,,,,,,44.4904597,8.4124727 
 16,PONTINVREA,08.00,18.00,ALBISOLA CAPO,09.13,19.13,,,,,,,,,,,44.4446264,8.43446 
 16,GIOVO LIGURE,08.05,18.05,STELLA S.GIOVANNI,09.30,19.30,,,,,,,,,,,44.4299826,8.4741004 
 16,STELLA S.GIUSTINA,08.15,18.15,STELLA S.GIUSTINA,09.40,19.40,,,,,,,,,,,44.41582,8.48252 
 16,STELLA S.GIOVANNI,08.20,18.20,GIOVO LIGURE,09.45,19.45,,,,,,,,,,,44.3798167,8.468967 
 16,ALBISOLA CAPO,08.37,18.37,PONTINVREA,09.50,19.50,,,,,,,,,,,44.3300864,8.5158377 
 16,SAVONA VIA PALEOCAPA,08.50,18.50,MIOGLIA,10.05,20.05,,,,,,,,,,,44.3086837,8.4800839 
 16,SAVONA STAZIONE FF.SS.,08.55,18.55,PARETO,10.20,20.20,,,,,,,,,,,, 



 17,SAVONA STAZIONE FF.SS.,05.50,07.45,07.55,----,----,13.10,13.50,14.10,16.40,16.55,17.05,18.30,,,,, 
 17,SAVONA VIA XX SETTEMBRE,05.55,07.50,08.00,----,----,13.15,13.55,14.15,16.45,17.00,17.10,18.35,,,,, 
 17,ALBISOLA CAPO,06.05,08.00,08.15,10.48,11.33,13.30,14.08,14.30,17.00,17.15,17.23,18.50,,,,44.3300864,8.5158377 
 17,ALBISOLA SUPERIORE,06.08,08.03,08.18,10.50,11.35,13.33,14.11,14.33,17.03,17.17,17.26,18.53,,,,44.339838,8.509353 
 17,LUCETO,06.10,08.05,08.20,10.55,11.40,13.35,14.13,14.35,17.05,17.20,17.28,18.55,,,,44.3453951,8.5016334 
 17,ELLERA,06.15,08.10,08.25,11.00,11.45,13.40,14.18,14.40,17.10,17.25,17.33,19.00,,,,44.3639685,8.4646366 
 17,LOC. PERNIGARI,06.20,08.15,08.30,----,----,13.45,14.23,14.45,17.15,17.30,17.38,19.05,,,,, 
 17,MENOTTI,06.25,08.20,08.35,----,----,13.50,14.28,14.50,17.20,17.35,17.43,19.10,,,,44.3807721,8.4693807 
 17,STELLA SAN GIOVANNI,06.30,08.25,08.40,----,----,13.55,14.30,14.55,17.25,17.40,17.45,19.15,,,,44.3798167,8.468967 
 17,LOC. CONTRADA,06.35,08.28,08.45,----,----,14.00,15.00,17.30,17.43,----,19.20,,,,,, 
 17,STELLA SAN BERNARDO,06.40,08.32,08.50,----,----,14.05,15.05,17.35,17.47,----,19.25,,,,,44.3855042,8.4845371 



 17,GIOVO,06.00,----,----,----,----,----,----,----,----,----,----,----,,,,44.4305264,8.4770267 
 17,STELLA SAN BERNARDO,----,06.40,----,----,08.35,08.50,----,14.05,15.05,17.35,17.50,,,,,44.3855042,8.4845371 
 17,LOC. CONTRADA,----,06.45,----,----,08.39,08.55,----,----,14.10,15.10,17.40,17.54,,,,, 
 17,STELLA SAN GIOVANNI,06.13,06.50,07.00,----,08.42,09.00,----,----,14.15,15.15,17.45,17.57,,,,44.3798167,8.468967 
 17,MENOTTI,06.17,06.55,07.05,----,08.47,09.05,----,----,14.20,15.20,17.50,18.02,,,,44.3807721,8.4693807 
 17,LOC. PERNIGARI,06.19,07.00,07.07,----,08.52,09.10,----,----,14.25,15.25,17.55,18.07,,,,, 
 17,ELLERA,06.21,07.05,07.10,08.20,08.57,09.12,11.00,11.45,14.30,15.30,18.00,18.12,,,,44.3639685,8.4646366 
 17,LUCETO,06.28,07.10,07.17,08.27,09.02,09.20,11.05,11.50,14.35,15.35,18.05,18.17,,,,44.3453951,8.5016334 
 17,ALBISOLA SUPERIORE,06.31,07.13,07.20,08.30,09.04,09.23,11.10,11.55,14.38,15.38,18.08,18.19,,,,44.339838,8.509353 
 17,ALBISOLA CAPO,06.33,07.15,07.27,08.35,09.07,09.27,11.13,11.57,14.40,15.40,18.10,18.22,,,,44.3300864,8.5158377 
 17,VIA PALEOCAPA,06.45,07.30,07.35,----,----,----,----,12.05,14.55,15.50,18.25,----,,,,44.3096752,8.4846763 
 17,SAVONA STAZIONE FF.SS.,06.50,07.35,07.40,----,----,----,----,12.10,15.00,15.55,18.30,----,,,,, 

 17,GIOVO,----,----,,,,,,,,,,,,,,44.4305264,8.4770267 
 17,STELLA SAN BERNARDO,18.40,19.25,,,,,,,,,,,,,,44.3855042,8.4845371 
 17,LOC. CONTRADA,18.45,19.30,,,,,,,,,,,,,,, 
 17,STELLA SAN GIOVANNI,18.50,20.30,,,,,,,,,,,,,,44.3798167,8.468967 
 17,MENOTTI,18.55,20.35,,,,,,,,,,,,,,44.3807721,8.4693807 
 17,LOC. PERNIGARI,19.00,20.37,,,,,,,,,,,,,,, 
 17,ELLERA,19.05,20.40,,,,,,,,,,,,,,44.3639685,8.4646366 
 17,LUCETO,19.10,20.50,,,,,,,,,,,,,,44.3453951,8.5016334 
 17,ALBISOLA SUPERIORE,19.13,20.53,,,,,,,,,,,,,,44.339838,8.509353 
 17,ALBISOLA CAPO,19.15,20.55,,,,,,,,,,,,,,44.3300864,8.5158377 
 17,VIA PALEOCAPA,19.30,21.05,,,,,,,,,,,,,,44.3096752,8.4846763 
 17,SAVONA STAZIONE FF.SS.,19.35,21.10,,,,,,,,,,,,,,, 
 18,FESTIVO             FESTIVO,FESTIVO,FESTIVO,,,,,,,,,,,,,,, 

 18,MARTINA,05.50,08.30,10.40,15.45,,,,,,,,,,,,44.4978279,8.6040817 
 18,SAN PIETRO in OLBA,05.55,08.35,10.45,15.50,,,,,,,,,,,,, 
 18,PALO,06.15,08.55,11.05,16.10,,,,,,,,,,,,44.4881148,8.5492511 
 18,SASSELLO,05.50,06.25,06.35,07.50,09.15,09.30     11.20,12.25     12.55,14.10,15.35,16.20,,,,,,44.4789695,8.4901712 
 18,GIOVO LIGURE,06.05,06.40,06.50,08.05,09.30,09.45,12.40     13.10,14.25,15.50,16.35,,,,,,44.4299826,8.4741004 
 18,STELLA SANTA GIUSTINA,06.12,06.50,07.00,08.15,09.40,13.17,14.35,15.55,16.40,,,,,,,44.41582,8.48252 
 18,STELLA SAN GIOVANNI,06.18,07.00,07.10,08.20,09.50,13.23,14.45,16.05,16.50,,,,,,,44.3798167,8.468967 
 18,ALBISOLA CAPO,06.40,07.27,07.22,08.37,10.02,13.45,14.57,16.22,17.07,,,,,,,44.3300864,8.5158377 
 18,SAVONA VIA PALEOCAPA,06.45,07.35,07.35,08.50,10.15,13.50,15.10,16.30,17.15,,,,,,,44.3086837,8.4800839 
 18,SAVONA STAZIONE FF.SS.,06.50,07.40,07.40,08.55,10.20,13.55,15.15,16.35,17.20,,,,,,,, 


 18,MARTINA,17.10,19.00,,,,,,,,,,,,,,44.4978279,8.6040817 
 18,SAN PIETRO in OLBA,17.15,19.05,,,,,,,,,,,,,,, 
 18,PALO,17.35,19.25,,,,,,,,,,,,,,44.4881148,8.5492511 
 18,SASSELLO,17.50,18.50,19.30,20.00,,,,,,,,,,,,44.4789695,8.4901712 
 18,GIOVO LIGURE,18.05,19.05,19.45,20.15,,,,,,,,,,,,44.4299826,8.4741004 
 18,STELLA SANTA GIUSTINA,18.15,20.20,,,,,,,,,,,,,,44.41582,8.48252 
 18,STELLA SAN GIOVANNI,18.20,20.30,,,,,,,,,,,,,,44.3798167,8.468967 
 18,ALBISOLA CAPO,18.37,20.55,,,,,,,,,,,,,,44.3300864,8.5158377 
 18,SAVONA VIA PALEOCAPA,18.50,21.05,,,,,,,,,,,,,,44.3086837,8.4800839 
 18,SAVONA STAZIONE FF.SS.,18.55,21.10,,,,,,,,,,,,,,, 
 MADDALENA,G,,,,,,,,,,,,,,,,44.3080251,8.4810315 
 MADDALENA,SASSELLO,06.05,18.30,,,,,,,,,,,,,,44.4789695,8.4901712 
 MADDALENA,MADDALENA,06.15,18.40,G,,,,,,,,,,,,,44.501137,8.4875294 
 MADDALENA,SASSELLO,06.25,18.50,,,,,,,,,,,,,,44.4789695,8.4901712 
 18,SASSELLO - MARTINA,,,,,,,,,,,,,,,,44.4875719,8.5861718 
 18,FESTIVO   FESTIVO,FESTIVO,,,,,,,,,,,,,,,, 

 18,STAZIONE FF.SS.,630,855,1150,1330,1350,1430,1525,1525,1640,,,,,,,, 
 18,VIA XX SETTEMBRE,635,900,1155,1335,1355,1435,1530,1530,1645,,,,,,,44.0069022,8.1733816 
 18,ALBISOLA CAPO,648,913,1208,1348,1408,1448,1543,1543,1700,,,,,,,44.3300864,8.5158377 
 18,STELLA SAN GIOVANNI,700,930,1225,1400,1430,1500,1555,1555,1725,,,,,,,44.3798167,8.468967 
 18,STELLA SANTA GIUSTINA,705,940,1235,1410,1440,1510,1605,1605,1750,,,,,,,44.41582,8.48252 
 18,GIOVO,620,715,805,945,1240,1415,1445,1515,1610,1615,1800,,,,,44.4305264,8.4770267 
 18,SASSELLO,635,730,820,1000,1255,1430,1500,1510,1535,1620,1630,1810,,,,44.4789695,8.4901712 
 18,PALO,745,1015,1520,1645,,,,,,,,,,,,44.4881148,8.5492511 
 18,SAN PIETRO in OLBA,810,1035,1540,1705,,,,,,,,,,,,, 
 18,MARTINA,815,1040,1545,1710,,,,,,,,,,,,44.4978279,8.6040817 

 18,STAZIONE FF.SS.,1705,1815,1830,1855,,,,,,,,,,,,, 
 18,VIA XX SETTEMBRE,1710,1820,1835,1900,,,,,,,,,,,,44.0069022,8.1733816 
 18,ALBISOLA CAPO,1723,1833,1850,1913,,,,,,,,,,,,44.3300864,8.5158377 
 18,STELLA SAN GIOVANNI,1745,1850,1915,1930,,,,,,,,,,,,44.3798167,8.468967 
 18,STELLA SANTA GIUSTINA,1755,1900,1935,1940,,,,,,,,,,,,44.41582,8.48252 
 18,GIOVO,1805,1805,1905,1940,1945,,,,,,,,,,,44.4305264,8.4770267 
 18,SASSELLO,1820,1820,1920,1950,2000,,,,,,,,,,,44.4789695,8.4901712 
 18,PALO,1830,,,,,,,,,,,,,,,44.4881148,8.5492511 
 18,SAN PIETRO in OLBA,1855,,,,,,,,,,,,,,,, 
 18,MARTINA,1900,,,,,,,,,,,,,,,44.4978279,8.6040817 
 MADDALENA,G,,,,,,,,,,,,,,,,44.3080251,8.4810315 
 MADDALENA,SASSELLO,605,1830,,,,,,,,,,,,,,44.4789695,8.4901712 
 MADDALENA,MADDALENA,615,1840,,,,,,,,,,,,,,44.501137,8.4875294 
 MADDALENA,SASSELLO,625,1850,,,,,,,,,,,,,,44.4789695,8.4901712 
 19,SAVONA STAZIONE FF.SS.,12.40,,,,,,,,,,,,,,,, 
 19,SAVONA VIA XX SETTEMBRE,12.45,,,,,,,,,,,,,,,, 
 19,ALBISOLA CAPO,12.57,,,,,,,,,,,,,,,44.3300864,8.5158377 
 19,CELLE LIGURE,07.10,09.15,09.35,11.05,13.05,14.10,17.05,18.30,18.40,,,,,,,44.3463235,8.5444342 
 19,SANDA,07.20,09.25,09.45,11.15,13.15,14.20,17.15,18.40,18.50,,,,,,,44.3617149,8.5272163 
 19,GAMERAGNA,09.50,11.20,14.25,17.20,18.55,,,,,,,,,,,44.369257,8.519063 
 19,BRICCO DELLE FORCHE,07.30,09.35,13.25,14.30,17.25,18.50,19.00,,,,,,,,,44.3876991,8.5738604 
 19,STELLA SAN MARTINO,09.40,13.30,14.35,17.30,18.55,19.05,,,,,,,,,,44.3939653,8.512217 
 19,TEGLIA,09.45,13.35,14.45,17.40,19.00,19.15,,,,,,,,,,44.3918342,8.5257704 
 19,GIOVO,06.10,,,,,,,,,,,,,,,44.4305264,8.4770267 
 19,TEGLIA,06.35,09.45,13.35,14.45,17.40,19.00,19.15,,,,,,,,,44.3918342,8.5257704 
 19,STELLA SAM MARTINO,06.40,09.50,13.40,14.50,17.45,19.05,19.20,,,,,,,,,, 
 19,BRICCO DELLE FORCHE,06.45,07.30,09.55,13.45,14.55,17.50,19.10,19.25,,,,,,,,44.3876991,8.5738604 
 19,GAMERAGNA,06.50,09.55,11.25,15.00,17.55,,,,,,,,,,,44.369257,8.519063 
 19,SANDA,06.55,07.40,10.05,10.00,11.30,13.50,15.05,18.05,19.20,19.35,,,,,,44.3617149,8.5272163 
 19,CELLE LIGURE,07.10,07.50,10.15,10.10,11.40,14.00,15.20,18.15,19.30,19.45,,,,,,44.3463235,8.5444342 
 19,ALBISOLA CAPO,10.22,19.52,,,,,,,,,,,,,,44.3300864,8.5158377 
 19,SAVONA VIA PALEOCAPA,10.30,20.00,,,,,,,,,,,,,,44.3086837,8.4800839 
 19,SAVONA STAZIONE FF.SS.,10.35,20.05,,,,,,,,,,,,,,, 

 21,CELLE LIGURE,08.10,11.55,13.10,,,,,,,,,,,,,44.3463235,8.5444342 
 21,NATTA,08.15,12.00,13.15,,,,,,,,,,,,,44.3492732,8.5560796 
 21,CELLE LIGURE,08.20,09.15,12.05,13.20,18.15,,,,,,,,,,,44.3463235,8.5444342 
 21,CASSISI,09.25,12.15,13.30,18.25,,,,,,,,,,,,44.345657,8.5344209 
 21,CELLE LIGURE,09.35,12.25,13.40,18.35,,,,,,,,,,,,44.3463235,8.5444342 

 20,SAN BENEDETTO,07.12,13.27,19.49,,,,,,,,,,,,,44.189643000000004,8.320460648195832 
 20,ALBISSOLA PRANA,07.13,08.50,09.45,10.40,12.10,13.28,15.00,16.15,17.45,18.35,19.50,,,,,, 
 20,GRANA,07.15,08.55,09.50,10.45,12.15,13.30,15.05,16.20,17.50,18.40,19.52,,,,,44.3383988,8.4973554 
 20,VIA INES NEGRI,07.20,09.01,09.56,10.51,12.20,13.35,15.11,16.26,17.56,18.45,19.57,,,,,44.3323568,8.4974746 
 20,VIA COLLETTE,09.03,09.58,10.53,12.22,15.13,16.28,17.58,18.47,,,,,,,,44.3321747,8.5004525 
 20,ALBISSOLA VIA CILEA,07.25,09.07,10.02,10.57,12.25,13.40,15.17,16.32,18.02,18.50,20.02,,,,,, 
 20,SAN BENEDETTO,07.26,09.08,10.03,10.58,12.26,13.41,15.18,16.33,18.03,18.51,20.03,,,,,44.189643000000004,8.320460648195832 
 20,VIA GENTILE,07.28,09.10,10.05,11.00,13.43,15.20,16.35,18.05,20.04,,,,,,,44.3250792,8.4964181 
 20,OSPEDALE VALLORIA,07.30,09.12,10.07,11.02,13.45,15.22,16.37,18.07,20.05,,,,,,,44.31984755,8.491300976228565 
 20,VIA NOMAXIO,09.15,10.10,11.05,15.25,16.40,18.10,,,,,,,,,,44.3283815,8.4949965 
 20,POGGIO DEL SOLE,09.21,10.16,11.11,15.31,16.46,18.16,,,,,,,,,,44.3321473,8.4926837 
 20,POGGIO DELL'ORIZZONTE,09.28,10.23,11.18,15.38,16.53,18.23,,,,,,,,,,44.3289419,8.4941018 
 20,VIA PIRANDELLO,09.33,10.28,11.23,15.43,16.58,18.28,,,,,,,,,,44.3275266,8.4969531 
 20,VIA MASSARDO,09.34,10.29,11.24,15.44,16.59,18.29,,,,,,,,,,44.3282768,8.4961753 
 20,ALBISSOLA PRANA,09.35,10.30,11.25,15.45,17.00,18.30,,,,,,,,,,, 

 28,SASSELLO,06.45,16.25,,,,,,,,,,,,,,44.4789695,8.4901712 
 28,PALO,06.55,16.35,,,,,,,,,,,,,,44.4881148,8.5492511 
 28,ALBEROLA,07.05,16.45,,,,,,,,,,,,,,44.4687683,8.5598609 
 28,PIAMPALUDO,07.25,17.05,,,,,,,,,,,,,,44.4680971,8.5797857 

 28,PIAMPALUDO,07.25,17.05,,,,,,,,,,,,,,44.4680971,8.5797857 
 28,ALBEROLA,07.40,17.20,,,,,,,,,,,,,,44.4687683,8.5598609 
 28,PALO,07.45,17.25,,,,,,,,,,,,,,44.4881148,8.5492511 
 28,SASSELLO,08.05,17.45,,,,,,,,,,,,,,44.4789695,8.4901712 

 30,SAVONA STAZIONE FF.SS.,05.15,05.45,06.10,06.20,06.40,07.15,07.35,08.05,08.40,09.05,09.35,10.10,,,,, 
 30,SAVONA VIA XX SETTEMBRE,05.20,05.50,06.15,06.25,06.45,07.20,07.40,08.10,08.45,09.10,09.40,10.15,,,,, 
 30,ALBISSOLA MARINA,05.30,06.00,06.25,06.32,06.55,07.30,07.50,08.20,08.55,09.20,09.50,10.25,,,,44.3272793,8.5031016 
 30,ALBISOLA CAPO,05.33,06.03,06.28,06.35,06.58,07.33,07.53,08.23,08.58,09.23,09.53,10.28,,,,44.3300864,8.5158377 
 30,CELLE LIGURE,05.40,06.10,06.35,06.42,07.05,07.40,08.00,08.30,09.05,09.30,10.00,10.35,,,,44.3463235,8.5444342 
 30,VARAZZE LE ROI,05.50,06.20,06.45,06.50,07.15,07.50,08.10,08.40,09.15,09.40,10.10,10.45,,,,, 
 30,VARAZZE PIANI,05.55,06.25,06.50,06.55,07.20,07.55,08.15,09.20,10.15,,,,,,,44.3496697,8.5590175 

 30,SAVONA STAZIONE FF.SS.,10.35,11.05,11.35,12.05,12.35,13.10,13.40,13.55,14.40,15.05,15.35,,,,,, 
 30,SAVONA VIA XX SETTEMBRE,10.40,11.10,11.40,12.10,12.40,13.15,13.45,14.00,14.10,14.45,15.10,15.40,,,,, 
 30,ALBISSOLA MARINA,10.50,11.20,11.50,12.20,12.50,13.25,13.55,14.10,14.20,14.55,15.20,15.50,,,,44.3272793,8.5031016 
 30,ALBISOLA CAPO,10.53,11.23,11.53,12.23,12.53,13.28,13.58,14.13,14.23,14.58,15.23,15.53,,,,44.3300864,8.5158377 
 30,CELLE LIGURE,11.00,11.30,12.00,12.30,13.00,13.35,14.05,14.20,14.30,15.05,15.30,16.00,,,,44.3463235,8.5444342 
 30,VARAZZE LE ROI,11.10,11.40,12.10,12.40,13.10,13.45,14.15,14.30,14.40,15.15,15.40,16.10,,,,, 
 30,VARAZZE PIANI,11.15,12.15,12.45,13.50,14.20,14.45,15.20,16.15,,,,,,,,44.3496697,8.5590175 

 30,SAVONA STAZIONE FF.SS.,16.05,16.35,17.05,17.35,18.05,18.35,19.05,19.35,20.05,21.35,22.50,,,,,, 
 30,SAVONA VIA XX SETTEMBRE,16.10,16.40,17.10,17.40,18.10,18.40,19.10,19.40,20.10,21.40,22.55,,,,,, 
 30,ALBISSOLA MARINA,16.20,16.50,17.20,17.50,18.20,18.50,19.20,19.50,20.20,21.47,23.02,,,,,44.3272793,8.5031016 
 30,ALBISOLA CAPO,16.23,16.53,17.23,17.53,18.23,18.53,19.23,19.53,20.23,21.50,23.05,,,,,44.3300864,8.5158377 
 30,CELLE LIGURE,16.30,17.00,17.30,18.00,18.30,19.00,19.30,20.00,20.30,21.57,23.12,,,,,44.3463235,8.5444342 
 30,VARAZZE LE ROI,16.40,17.10,17.40,18.10,18.40,19.10,19.40,20.10,20.40,22.05,23.20,,,,,, 
 30,VARAZZE PIANI,17.15,18.15,19.15,20.45,23.25,,,,,,,,,,,44.3496697,8.5590175 

 30,SAVONA STAZIONE FF.SS.,5.50,6.45,7.25,8.05,8.45,9.25,10.05,10.45,11.25,12.05,12.45,13.25,,,,, 
 30,SAVONA VIA XX SETTEMBRE,5.55,6.50,7.30,8.10,8.50,9.30,10.10,10.50,11.30,12.10,12.50,13.30,,,,, 
 30,ALBISSOLA MARINA,6.05,6.57,7.37,8.17,8.57,9.37,10.17,10.57,11.37,12.17,12.57,13.37,,,,44.3272793,8.5031016 
 30,ALBISOLA CAPO,6.08,7.00,7.40,8.20,9.00,9.40,10.20,11.00,11.40,12.20,13.00,13.40,,,,44.3300864,8.5158377 
 30,CELLE LIGURE,6.15,7.07,7.47,8.27,9.07,9.47,10.27,11.07,11.47,12.27,13.07,13.47,,,,44.3463235,8.5444342 
 30,VARAZZE LE ROI,6.25,7.15,7.55,8.35,9.15,9.55,10.35,11.15,11.55,12.35,13.15,13.55,,,,, 
 30,VARAZZE PIANI,7.20,8.40,10.00,11.20,12.40,14.00,,,,,,,,,,44.3496697,8.5590175 
 30,SAVONA STAZIONE FF.SS.,14.05,14.45,15.25,16.05,16.45,17.25,18.05,18.45,20.05,21.35,,,,,,, 
 30,SAVONA VIA XX SETTEMBRE,14.10,14.50,15.30,16.10,16.50,17.30,18.10,18.50,20.10,21.40,,,,,,, 
 30,ALBISSOLA MARINA,14.17,14.57,15.37,16.17,16.57,17.37,18.17,18.57,20.17,21.47,,,,,,44.3272793,8.5031016 
 30,ALBISOLA CAPO,14.20,15.00,15.40,16.20,17.00,17.40,18.20,19.00,20.20,21.50,,,,,,44.3300864,8.5158377 
 30,CELLE LIGURE,14.27,15.07,15.47,16.27,17.07,17.47,18.27,19.07,20.27,21.57,,,,,,44.3463235,8.5444342 
 30,VARAZZE LE ROI,14.35,15.15,15.55,16.35,17.15,17.55,18.35,19.15,20.35,22.05,,,,,,, 
 30,VARAZZE PIANI,18.00,19.20,22.10,,,,,,,,,,,,,44.3496697,8.5590175 

 30,VARAZZE PIANI,06.05,06.40,07.00,07.00,07.20,08.05,08.30,09.35,10.30,,,,,,,44.3496697,8.5590175 
 30,VARAZZE LE ROI,06.10,06.45,07.05,07.05,07.25,08.10,08.35,09.05,09.40,10.05,10.35,,,,,, 
 30,CELLE LIGURE,06.20,06.55,07.15,07.15,07.15,07.35,08.20,08.45,09.15,09.50,10.15,10.45,,,,44.3463235,8.5444342 
 30,ALBISOLA CAPO,06.27,07.02,07.22,07.22,07.22,07.42,08.27,08.52,09.22,09.57,10.22,10.52,,,,44.3300864,8.5158377 
 30,ALBISSOLA MARINA,06.30,07.05,07.25,07.25,07.25,07.45,08.30,08.55,09.25,10.00,10.25,10.55,,,,44.3272793,8.5031016 
 30,SAVONA CORSO MAZZINI,06.35,07.10,09.00,09.30,10.10,10.30,11.00,,,,,,,,,44.3036729,8.4772479 
 30,SAVONA VIA PALEOCAPA,07.30,07.30,07.30,07.50,08.35,,,,,,,,,,,44.3086837,8.4800839 
 30,SAVONA STAZIONE FF.SS.,06.40,07.15,07.35,07.35,07.55,08.40,09.05,09.35,10.10,10.35,11.05,,,,,, 
 30,VARAZZE PIANI,11.30,12.35,13.05,14.05,14.30,15.30,16.30,,,,,,,,,44.3496697,8.5590175 
 30,VARAZZE LE ROI,11.05,11.35,12.05,12.40,13.10,13.25,14.10,14.35,15.05,15.35,16.05,16.35,,,,, 
 30,CELLE LIGURE,11.15,11.45,12.15,12.50,13.20,13.35,14.20,14.45,15.15,15.45,16.15,16.45,,,,44.3463235,8.5444342 
 30,ALBISOLA CAPO,11.22,11.52,12.22,12.57,13.27,13.42,14.27,14.52,15.22,15.52,16.22,16.52,,,,44.3300864,8.5158377 
 30,ALBISSOLA MARINA,11.25,11.55,12.25,13.00,13.30,13.45,14.30,14.55,15.25,15.55,16.25,16.55,,,,44.3272793,8.5031016 
 30,SAVONA CORSO MAZZINI,11.30,12.00,12.30,13.05,13.35,13.50,14.35,15.00,15.30,16.00,16.30,17.00,,,,44.3036729,8.4772479 
 30,SAVONA STAZIONE FF.SS.,11.35,12.05,12.35,13.10,13.40,13.55,14.40,15.05,15.35,16.05,16.35,17.05,,,,, 

 30,VARAZZE PIANI,17.30,18.30,19.30,21.00,23.30,,,,,,,,,,,44.3496697,8.5590175 
 30,VARAZZE LE ROI,17.05,17.35,18.05,18.35,19.05,19.35,19.45,20.10,21.05,22.20,23.35,,,,,, 
 30,CELLE LIGURE,17.15,17.45,18.15,18.45,19.15,19.45,19.55,20.20,21.15,22.30,23.45,,,,,44.3463235,8.5444342 
 30,ALBISOLA CAPO,17.22,17.52,18.22,18.52,19.22,19.52,20.02,20.27,21.22,22.37,23.52,,,,,44.3300864,8.5158377 
 30,ALBISSOLA MARINA,17.25,17.55,18.25,18.55,19.25,19.55,20.05,20.30,21.25,22.40,23.55,,,,,44.3272793,8.5031016 
 30,SAVONA CORSO MAZZINI,17.30,18.00,18.30,19.00,19.30,20.00,20.10,20.35,21.30,22.45,00.00,,,,,44.3036729,8.4772479 
 30,SAVONA STAZIONE FF.SS.,17.35,18.05,18.35,19.05,19.35,20.05,20.15,20.40,21.35,22.50,00.05,,,,,, 
 30,VARAZZE PIANI,7.30,8.50,10.10,11.30,12.50,14.10,,,,,,,,,,44.3496697,8.5590175 
 30,VARAZZE LE ROI,6.55,7.35,8.15,8.55,9.35,10.15,10.55,11.35,12.15,12.55,13.35,14.15,,,,, 
 30,CELLE LIGURE,7.05,7.45,8.25,9.05,9.45,10.25,11.05,11.45,12.25,13.05,13.45,14.25,,,,44.3463235,8.5444342 
 30,ALBISOLA CAPO,7.12,7.52,8.32,9.12,9.52,10.32,11.12,11.52,12.32,13.12,13.52,14.32,,,,44.3300864,8.5158377 
 30,ALBISSOLA MARINA,7.15,7.55,8.35,9.15,9.55,10.35,11.15,11.55,12.35,13.15,13.55,14.35,,,,44.3272793,8.5031016 
 30,SAVONA CORSO MAZZINI,7.20,8.00,8.40,9.20,10.00,10.40,11.20,12.00,12.40,13.20,14.00,14.40,,,,44.3036729,8.4772479 
 30,SAVONA STAZIONE FF.SS.,7.25,8.05,8.45,9.25,10.05,10.45,11.25,12.05,12.45,13.25,14.05,14.45,,,,, 
 30,VARAZZE PIANI,18.10,19.30,22.15,,,,,,,,,,,,,44.3496697,8.5590175 
 30,VARAZZE LE ROI,14.55,15.35,16.15,16.55,17.35,18.15,18.50,19.35,21.05,22.20,,,,,,, 
 30,CELLE LIGURE,15.05,15.45,16.25,17.05,17.45,18.25,19.00,19.45,21.15,22.30,,,,,,44.3463235,8.5444342 
 30,ALBISOLA CAPO,15.12,15.52,16.32,17.12,17.52,18.32,19.07,19.52,21.22,22.37,,,,,,44.3300864,8.5158377 
 30,ALBISSOLA MARINA,15.15,15.55,16.35,17.15,17.55,18.35,19.10,19.55,21.25,22.40,,,,,,44.3272793,8.5031016 
 30,SAVONA CORSO MAZZINI,15.20,16.00,16.40,17.20,18.00,18.40,19.15,20.00,21.20,22.45,,,,,,44.3036729,8.4772479 
 30,SAVONA STAZIONE FF.SS.,15.25,16.05,16.45,17.25,18.05,18.45,19.20,20.05,21.35,22.50,,,,,,, 
 31,AQUILA,08.00,09.21,10.51,11.21,13.18,,,,,,,,,,,44.4255754,8.5583887 
 31,FINALBORGO,06.25,07.45,08.13,08.43,9.13,09.43,10.43,11.13,11.43,12.23,13.20,14.15,,,,44.1763193,8.3276369 
 31,FINALMARINA,06.30,07.50,08.18,08.48,9.18,09.48,10.48,11.18,11.48,12.28,13.25,14.20,,,,44.1690789,8.3458301 
 31,FINALPIA,06.35,08.00,08.23,08.53,9.23,09.53,10.53,11.23,11.53,12.33,13.30,14.25,,,,44.1724591,8.3566689 
 31,CALVISIO,06.42,08.07,08.30,09.00,9.30,10.00,11.00,11.30,12.00,12.40,13.37,14.32,,,,44.1856441,8.354051 
 31,AQUILA,16.21,,,,,,,,,,,,,,,44.4255754,8.5583887 
 31,FINALBORGO,14.53,15.43,16.43,17.43,18.30,18.55,,,,,,,,,,44.1763193,8.3276369 
 31,FINALMARINA,14.58,15.48,16.48,17.48,18.35,19.00,,,,,,,,,,44.1690789,8.3458301 
 31,FINALPIA,15.05,15.53,16.53,17.53,18.40,19.05,,,,,,,,,,44.1724591,8.3566689 
 31,CALVISIO,15.10,16.00,17.00,18.00,18.47,19.12,,,,,,,,,,44.1856441,8.354051 
 31,CALVISIO,06.42,07.37,08.07,08.30,09.00,09.30,10.00,11.00,11.30,12.00,12.40,,,,,44.1856441,8.354051 
 31,FINALPIA,06.49,07.44,08.14,08.37,09.07,09.37,10.07,11.07,11.37,12.07,12.47,,,,,44.1724591,8.3566689 
 31,FINALMARINA,06.55,07.50,08.20,08.43,09.13,09.43,10.13,11.13,11.43,12.13,12.53,,,,,44.1690789,8.3458301 
 31,FINALBORGO,07.55,08.25,08.48,09.18,09.48,10.18,10.48,11.18,11.48,12.18,12.58,,,,,44.1763193,8.3276369 
 31,AQUILA,07.58,09.21,10.51,11.21,,,,,,,,,,,,44.4255754,8.5583887 
 31,CALVISIO,13.37,14.32,15.10,16.00,17.00,18.00,18.47,19.12,,,,,,,,44.1856441,8.354051 
 31,FINALPIA,13.44,14.39,15.17,16.07,17.07,18.07,18.54,19.19,,,,,,,,44.1724591,8.3566689 
 31,FINALMARINA,13.10,13.50,14.45,15.23,16.13,17.13,18.13,19.00,19.25,,,,,,,44.1690789,8.3458301 
 31,FINALBORGO,13.15,13.55,15.28,16.18,17.18,18.18,19.30,,,,,,,,,44.1763193,8.3276369 
 31,AQUILA,13.18,16.21,,,,,,,,,,,,,,44.4255754,8.5583887 
 31,AQUILA,08.13,11.57,14.30,,,,,,,,,,,,,44.4255754,8.5583887 
 31,FINALBORGO,07.25,08.15,09.25,10.00,10.45,11.20,12.15,14.32,15.15,15.55,16.15,16.45,,,,44.1763193,8.3276369 
 31,FINALMARINA,07.30,08.20,09.30,10.05,10.50,11.25,12.20,14.35,15.20,16.00,16.20,16.50,,,,44.1690789,8.3458301 
 31,FINALPIA,07.35,08.25,09.35,10.10,10.55,11.30,12.25,14.40,15.25,16.05,16.25,16.55,,,,44.1724591,8.3566689 
 31,CALVISIO,07.42,08.32,09.42,10.17,11.02,11.37,12.32,14.47,15.32,16.12,16.32,17.02,,,,44.1856441,8.354051 
 31,AQUILA,18.53,,,,,,,,,,,,,,,44.4255754,8.5583887 
 31,FINALBORGO,17.15,18.20,18.55,19.25,,,,,,,,,,,,44.1763193,8.3276369 
 31,FINALMARINA,17.20,18.25,19.00,19.30,,,,,,,,,,,,44.1690789,8.3458301 
 31,FINALPIA,17.25,18.30,19.35,,,,,,,,,,,,,44.1724591,8.3566689 
 31,CALVISIO,17.32,18.37,19.42,,,,,,,,,,,,,44.1856441,8.354051 
 31,CALVISIO,07.42,08.32,09.42,10.17,11.02,11.37,12.32,14.47,15.32,16.12,16.32,,,,,44.1856441,8.354051 
 31,FINALPIA,07.49,08.39,09.49,10.24,11.09,11.44,12.39,14.54,15.39,16.19,16.39,,,,,44.1724591,8.3566689 
 31,FINALMARINA,07.55,08.45,09.55,10.30,11.15,11.50,12.45,14.25,15.00,15.45,16.25,16.45,,,,44.1690789,8.3458301 
 31,FINALBORGO,08.00,08.50,10.00,10.35,11.20,11.55,12.50,14.28,15.05,15.50,16.30,16.50,,,,44.1763193,8.3276369 
 31,AQUILA,08.13,11.57,14.30,,,,,,,,,,,,,44.4255754,8.5583887 
 31,CALVISIO,17.02,17.32,18.37,19.42,,,,,,,,,,,,44.1856441,8.354051 
 31,FINALPIA,17.09,17.39,18.44,19.49,,,,,,,,,,,,44.1724591,8.3566689 
 31,FINALMARINA,17.15,17.45,18.50,19.55,,,,,,,,,,,,44.1690789,8.3458301 
 31,FINALBORGO,17.50,18.52,20.00,,,,,,,,,,,,,44.1763193,8.3276369 
 31,AQUILA,18.53,,,,,,,,,,,,,,,44.4255754,8.5583887 

 32,STAZIONE FINALE LIGURE,07.10,08.00,08.30,09.30,10.25,11.30,12.20,13.15,16.00,17.00,18.45,,,,,44.1819909,8.3919521 
 32,EX OSPEDALE RUFFINI,07.15,08.05,08.40,09.40,10.35,11.35,12.30,13.25,16.10,17.05,18.50,,,,,, 
 32,MONTICELLO,11.45,13.35,,,,,,,,,,,,,,44.1813998,8.3307026 
 32,SAN BERNARDINO,07.25,13.45,,,,,,,,,,,,,,44.1812272,8.3400627 
 32,SAN BERNARDINO,07.25,13.45,,,,,,,,,,,,,,44.1812272,8.3400627 
 32,MONTICELLO,07.30,11.45,,,,,,,,,,,,,,44.1813998,8.3307026 
 32,EX OSPEDALE RUFFINI,07.40,08.10,08.40,09.40,10.40,11.55,12.35,13.55,16.10,17.10,18.50,,,,,, 
 32,STAZIONE FINALE LIGURE,07.50,08.15,08.45,09.45,10.45,12.00,12.40,14.00,16.15,17.15,18.55,,,,,44.1819909,8.3919521 
 33,FINALBORGO,06.45,12.50,,,,,,,,,,,,,,44.1763193,8.3276369 
 33,FINALMARINA,06.50,12.55,,,,,,,,,,,,,,44.1690789,8.3458301 
 33,LE MANIE,07.15,13.20,,,,,,,,,,,,,,44.195282,8.3744332 
 33,LE MANIE,07.15,13.20,,,,,,,,,,,,,,44.195282,8.3744332 
 33,CALVISIO,07.35,,,,,,,,,,,,,,,44.1856441,8.354051 
 33,FINALMARINA,07.50,13.45,,,,,,,,,,,,,,44.1690789,8.3458301 
 33,FINALBORGO,07.55,,,,,,,,,,,,,,,44.1763193,8.3276369 
 33,AQUILA,07.58,,,,,,,,,,,,,,,44.4255754,8.5583887 

 34,FINALMARINA,655,1025,1305,1335,1405,1445,1625,1855,,,,,,,,44.1690789,8.3458301 
 34,FINALBORGO,700,1030,1310,1340,1410,1450,1630,1900,,,,,,,,44.1763193,8.3276369 
 34,FEGLINO,710,1040,1320,1350,1420,1500,1640,1910,,,,,,,,44.2206828,8.3241235 
 34,ORCO,723,1053,1333,1433,1653,1923,,,,,,,,,,44.2226923,8.3445654 

 34,ORCO,723,1053,1333,1433,1653,1923,,,,,,,,,,44.2226923,8.3445654 
 34,FEGLINO,640,735,1105,1345,1350,1445,1500,1705,1935,,,,,,,44.2206828,8.3241235 
 34,FINALBORGO,650,745,1115,1355,1400,1455,1510,1715,1945,,,,,,,44.1763193,8.3276369 
 34,FINALMARINA,655,750,1120,1400,1405,1500,1515,1720,1950,,,,,,,44.1690789,8.3458301 
 34,FINALMARINA,1025,1300,1745,,,,,,,,,,,,,44.1690789,8.3458301 
 34,FINALBORGO,1030,1305,1750,,,,,,,,,,,,,44.1763193,8.3276369 
 34,FEGLINO,1040,1315,1800,,,,,,,,,,,,,44.2206828,8.3241235 
 34,ORCO,1053,1328,1813,,,,,,,,,,,,,44.2226923,8.3445654 
 34,ORCO,1053,1328,1813,,,,,,,,,,,,,44.2226923,8.3445654 
 34,FEGLINO,1105,1340,1825,,,,,,,,,,,,,44.2206828,8.3241235 
 34,FINALBORGO,1120,1350,1835,,,,,,,,,,,,,44.1763193,8.3276369 
 34,FINALMARINA,1125,1355,1840,,,,,,,,,,,,,44.1690789,8.3458301 

 35,FINALMARINA,06.00,06.55,07.40,08.45,11.10,12.35,13.10,14.20,14.20,,,,,,,44.1690789,8.3458301 
 35,FINALBORGO,06.05,07.00,07.45,08.50,11.15,12.40,13.15,14.25,14.25,,,,,,,44.1763193,8.3276369 
 35,CALICE LIGURE,06.15,06.45,07.10,07.58,09.00,11.25,12.05,12.50,13.25,13.25,14.35,14.35,,,,44.204933,8.295351 
 35,CARBUTA,07.22,12.17,13.42,14.47,,,,,,,,,,,,44.2212693,8.3024373 
 35,RIALTO PIAZZA CALVI,06.25,06.53,08.06,09.08,11.33,12.58,13.33,14.43,,,,,,,,, 
 35,RIALTO COMUNE,07.05,08.18,09.20,11.45,13.10,13.45,14.55,,,,,,,,,, 
 35,CARBUTA,07.22,12.17,13.42,14.47,,,,,,,,,,,,44.2212693,8.3024373 
 35,CALICE LIGURE,06.35,07.25,07.35,08.28,09.40,12.05,12.30,13.20,13.55,13.55,15.00,15.05,,,,44.204933,8.295351 
 35,FINALBORGO,06.45,07.35,07.50,08.38,09.50,12.40,14.05,15.15,,,,,,,,44.1763193,8.3276369 
 35,FINALMARINA,06.50,07.40,07.55,08.43,09.55,12.45,14.15,15.20,,,,,,,,44.1690789,8.3458301 

 35,FINALMARINA,14.50,17.30,19.00,,,,,,,,,,,,,44.1690789,8.3458301 
 35,FINALBORGO,14.55,17.35,19.05,,,,,,,,,,,,,44.1763193,8.3276369 
 35,CALICE LIGURE,15.05,17.45,18.05,19.15,,,,,,,,,,,,44.204933,8.295351 
 35,CARBUTA,18.17,,,,,,,,,,,,,,,44.2212693,8.3024373 
 35,RIALTO PIAZZA CALVI,15.13,17.55,19.23,,,,,,,,,,,,,, 
 35,RIALTO COMUNE,15.25,19.35,,,,,,,,,,,,,,, 
 35,CARBUTA,18.17,,,,,,,,,,,,,,,44.2212693,8.3024373 
 35,CALICE LIGURE,15.45,18.05,18.30,19.45,,,,,,,,,,,,44.204933,8.295351 
 35,FINALBORGO,15.55,18.40,19.55,,,,,,,,,,,,,44.1763193,8.3276369 
 35,FINALMARINA,16.00,18.45,20.00,,,,,,,,,,,,,44.1690789,8.3458301 

 35,FINALMARINA,07.10,11.35,13.35,17.20,18.55,,,,,,,,,,,44.1690789,8.3458301 
 35,FINALBORGO,07.15,11.40,13.40,17.25,19.00,,,,,,,,,,,44.1763193,8.3276369 
 35,CALICE LIGURE,07.25,07.55,11.50,13.50,14.10,17.35,19.10,19.40,,,,,,,,44.204933,8.295351 
 35,CARBUTA,08.07,14.22,19.52,,,,,,,,,,,,,44.2212693,8.3024373 
 35,RIALTO PIAZZA CALVI,07.33,11.58,14.00,17.45,19.18,,,,,,,,,,,, 
 35,RIALTO COMUNE,07.45,12.10,19.30,,,,,,,,,,,,,, 
 35,CARBUTA,08.07,14.22,19.52,,,,,,,,,,,,,44.2212693,8.3024373 
 35,CALICE LIGURE,07.55,08.20,12.20,14.10,14.35,17.55,19.40,20.05,,,,,,,,44.204933,8.295351 
 35,FINALBORGO,08.30,12.30,14.45,18.05,20.15,,,,,,,,,,,44.1763193,8.3276369 
 35,FINALMARINA,08.35,12.35,14.50,18.10,20.20,,,,,,,,,,,44.1690789,8.3458301 



 36,FINALE STAZIONE,08.30,10.45,12.10,13.45,14.05,14.15,16.30,,,,,,,,,, 
 36,GORRA,08.40,10.55,12.20,13.55,14.15,14.25,16.40,,,,,,,,,44.1831767,8.2972225 
 36,OLLE INFERIORE,08.45,11.00,12.25,14.00,14.30,,,,,,,,,,,44.1880685,8.2826561 
 36,CA DEL MORO,14.20,16.45,,,,,,,,,,,,,,44.1937229,8.2852869 
 36,CANOVA,14.30,,,,,,,,,,,,,,,44.3652769,8.3901644 
 36,MELOGNO,,,,,,,,,,,,,,,,44.2313039,8.2140723 



 36,MELOGNO,,,,,,,,,,,,,,,,44.2313039,8.2140723 
 36,CANOVA,14.30,,,,,,,,,,,,,,,44.3652769,8.3901644 
 36,CA DEL MORO,14.40,16.45,,,,,,,,,,,,,,44.1937229,8.2852869 
 36,OLLE INFERIORE,08.45,11.00,12.25,14.00,14.30,,,,,,,,,,,44.1880685,8.2826561 
 36,GORRA,08.50,11.05,12.30,14.05,14.35,14.45,16.50,,,,,,,,,44.1831767,8.2972225 
 36,FINALE STAZIONE,09.00,11.15,12.40,14.15,14.45,14.55,17.00,,,,,,,,,, 

 37,SAVONA STAZIONE FF.SS.,06.20,17.10,,,,,,,,,,,,,,, 
 37,SAVONA VIA XX SETTEMBRE,06.25,17.15,,,,,,,,,,,,,,, 
 37,SAVONA PIAZZA MAMELI,07.20,13.10,14.15,16.25,17.55,19.20,,,,,,,,,,, 
 37,SAVONA STAZIONE FF.SS.,07.25,13.15,14.20,16.30,18.00,19.25,,,,,,,,,,, 
 37,VADO LIGURE,06.40,07.30,08.50,09.40,10.30,11.55,13.25,14.30,16.40,17.30,18.10,19.35,,,,44.2714401,8.4382205 
 37,PORTO VADO,06.42,07.32,08.52,09.42,10.32,11.57,13.27,14.32,16.42,17.32,18.12,19.37,,,,44.2628028,8.4451023 
 37,BERGEGGI BIVIO,06.45,07.35,08.55,09.45,10.35,12.00,13.30,14.35,16.45,17.35,18.15,19.40,,,,44.2513331,8.447935 
 37,BERGEGGI (P. Roma),09.05,09.55,10.45,12.07,13.37,14.42,16.52,17.37,18.22,19.47,,,,,,, 
 37,TORRE DEL MARE,06.55,07.45,09.10,10.00,10.50,12.10,13.40,14.45,16.55,17.40,18.25,19.50,,,,44.2390311,8.4390184 
 37,BERGEGGI (P. Roma),06.58,07.55,,,,,,,,,,,,,,, 

 37,TORRE DEL MARE,06.55,07.45,09.10,10.00,10.50,12.10,13.40,14.45,16.30,18.25,19.50,,,,,44.2390311,8.4390184 
 37,BERGEGGI (P. Roma),06.58,07.55,09.18,10.08,10.58,12.13,13.50,14.48,16.35,18.35,19.53,,,,,, 
 37,BERGEGGI BIVIO,07.05,08.00,09.25,10.15,11.05,12.20,13.55,14.55,16.40,18.40,20.00,,,,,44.2513331,8.447935 
 37,PORTO VADO,07.08,08.02,09.27,10.17,11.07,12.23,13.58,14.58,16.43,18.43,20.03,,,,,44.2628028,8.4451023 
 37,VADO LIGURE,07.10,08.05,09.30,10.20,11.10,12.25,14.00,15.00,16.45,18.45,20.05,,,,,44.2714401,8.4382205 
 37,SAVONA STAZIONE FF.SS.,20.15,,,,,,,,,,,,,,,, 
 37,SAVONA PIAZZA MAMELI,07.20,12.45,14.15,15.15,17.00,18.55,20.20,,,,,,,,,, 
 37,SAVONA STAZIONE FF.SS.,07.25,14.20,15.20,17.05,,,,,,,,,,,,, 
 37,SAVONA PIAZZA MAMELI,13.00,17.15,TORRE DEL MARE,13.30,17.40,,,,,,,,,,,, 
 37,SAVONA STAZIONE FF.SS.,13.05,17.20,BERGEGGI (P. Roma),13.33,17.43,,,,,,,,,,,, 
 37,VADO LIGURE,13.15,17.25,BERGEGGI BIVIO,13.40,17.50,,,,,,,,,,,44.2714401,8.4382205 
 37,PORTO VADO,13.17,17.27,PORTO VADO,13.43,17.53,,,,,,,,,,,44.2628028,8.4451023 
 37,BERGEGEGGI BIVIO,13.20,17.30,VADO LIGURE,13.45,17.55,,,,,,,,,,,, 
 37,BERGEGGI (P. Roma),13.27,17.37,SAVONA PIAZZA MAMELI,13.50,18.00,,,,,,,,,,,, 
 37,TORRE DEL MARE,13.30,17.40,SAVONA STAZIONE FF.SS.,13.55,18.05,,,,,,,,,,,44.2390311,8.4390184 
 38,SPOTORNO,08.40,,,,,,,,,,,,,,,44.2272571,8.4191772 
 38,VOZE,08.55,,,,,,,,,,,,,,,44.2136635,8.3954513 
 38,NOLI,09.05,,,,,,,,,,,,,,,44.2058832,8.416419 
 38,SPOTORNO,09.10,,,,,,,,,,,,,,,44.2272571,8.4191772 
 38,SAVONA PIAZZA,MAMELI,09.35,,,,,,,,,,,,,,44.3079204,8.4714058 

 39,VEZZI SAN FILIPPO,06.30,07.40,13.40,15.40,18.35,,,,,,,,,,,44.243059,8.344116 
 39,VEZZI SAN GIORGIO,06.35,07.45,13.45,15.45,18.40,,,,,,,,,,,44.2371849,8.3633496 
 39,MAGNONE,06.40,07.50,13.50,15.50,18.45,,,,,,,,,,,44.2225554,8.3733477 
 39,PORTIO,06.45,07.55,---,15.55,18.50,,,,,,,,,,,44.2212411,8.358324 
 39,MAGNONE,06.50,08.00,---,16.00,18.55,,,,,,,,,,,44.2225554,8.3733477 
 39,TOSSE,06.55,08.05,13.53,16.05,19.00,,,,,,,,,,,44.2274207,8.3846278 
 39,SPOTORNO,07.10,08.15,14.05,16.20,16.20,19.10,,,,,,,,,,44.2272571,8.4191772 
 39,VADO LIGURE,16.45,19.20,,,,,,,,,,,,,,44.2714401,8.4382205 
 39,ZINOLA,16.50,19.25,,,,,,,,,,,,,,44.2832091,8.4453713 
 39,SAVONA SAN MICHELE,16.55,,,,,,,,,,,,,,,44.3009847,8.4722124 
 39,SAVONA PIAZZA MAMELI,17.00,,,,,,,,,,,,,,,, 
 39,SAVONA STAZIONE FF.SS.,17.05,,,,,,,,,,,,,,,, 

 39,SAVONA STAZIONE FF.SS.,12.35,---,17.10,,,,,,,,,,,,,, 
 39,SAVONA PIAZZA MAMELI,---,16.25,---,,,,,,,,,,,,,, 
 39,SAVONA VIA XX SETTEMBRE,12.40,---,17.15,,,,,,,,,,,,,, 
 39,SAVONA SAN MICHELE,12.45,---,17.20,,,,,,,,,,,,,44.3009847,8.4722124 
 39,SAVONA STAZIONE FF.SS.,---,16.30,---,,,,,,,,,,,,,, 
 39,ZINOLA,12.50,16.38,17.25,,,,,,,,,,,,,44.2832091,8.4453713 
 39,VADO LIGURE,12.55,16.40,17.30,,,,,,,,,,,,,44.2714401,8.4382205 
 39,SPOTORNO,06.05,07.15,13.05,14.10,15.05,17.10,18.00,,,,,,,,,44.2272571,8.4191772 
 39,TOSSE,06.15,07.25,13.15,14.20,15.15,17.20,18.10,,,,,,,,,44.2274207,8.3846278 
 39,MAGNONE,06.20,07.30,13.20,14.25,15.20,17.25,18.15,,,,,,,,,44.2225554,8.3733477 
 39,PORTIO,13.25,14.30,15.25,17.30,18.20,,,,,,,,,,,44.2212411,8.358324 
 39,MAGNONE,06.20,13.30,14.35,15.30,17.35,18.25,,,,,,,,,,44.2225554,8.3733477 
 39,VEZZI SAN GIORGIO,06.25,07.35,13.35,14.40,15.35,17.40,18.30,,,,,,,,,44.2371849,8.3633496 
 39,VEZZI SAN FILIPPO,06.30,07.40,13.40,14.45,15.40,17.45,18.35,,,,,,,,,44.243059,8.344116 
 40,DA,ALBENGA,,,,,,,,,,,,,,,44.3080251,8.4810315 
 40,CALIZZANO,FF.SS.,,,,,,,,,,,,,,,44.2368806,8.1144696 

 40,ANDORA STAZIONE FF.SS.,,,,,,,,,,,,,,,,, 
 40,ANDORA,5.30,6.15,6.55,6.55,6.55,7.30,8.0,,,,,,,,,43.9519286,8.1456487 
 40,LAIGUEGLIA,5.40,6.25,7.05,7.05,7.05,7.40,8.1,,,,,,,,,43.9788263,8.157351 
 40,ALASSIO,5.50,6.35,7.15,7.15,7.15,7.50,8.2,,,,,,,,,44.0080109,8.1730265 
 40,ALBENGA VADINO,5.34,6.04,6.34,6.49,7.09,7.29,7.29,7.29,8.04,8.34,,,,,,44.0472894,8.2215848 
 40,ALBENGA CENTRO,5.35,6.05,6.35,6.50,7.10,7.30,7.30,7.30,8.05,8.35,,,,,,44.0555318,8.1965998 
 40,ALBENGA OSPEDALE,6.55,,,,,,,,,,,,,,,, 
 40,CERIALE,5.48,6.18,6.48,7.08,7.08,7.23,7.43,7.43,7.43,7.45,8.18,8.48,,,,44.091629,8.223251 
 40,BORGHETTO S.S.,5.53,6.23,6.53,7.13,7.13,7.15,7.28,7.48,7.48,7.48,7.50,8.23,8.53,,,44.1144461,8.235328 
 40,LOANO,6.00,6.30,7.00,7.20,7.20,7.20,7.35,7.55,7.55,7.55,7.55,8.30,9.0,,,44.1287537,8.2593713 
 40,PIETRA SANTA CORONA,6.05,6.35,7.05,7.25,7.25,7.25,7.40,8.00,8.00,8.35,9.05,,,,,, 
 40,BORGIO VEREZZI,6.10,6.40,7.10,7.30,7.30,7.30,7.45,8.05,8.05,8.40,9.1,,,,,44.164968200000004,8.306662116087459 
 40,FINALMARINA,7.35,7.35,7.35,7.50,8.10,8.10,9.15,,,,,,,,,44.1690789,8.3458301 
 40,FINALBORGO,7.40,7.40,7.40,7.55,8.15,8.15,,,,,,,,,,44.1763193,8.3276369 
 40,FINALMARINA,6.15,6.45,7.15,7.45,7.45,8.20,8.20,8.45,,,,,,,,44.1690789,8.3458301 
 40,FINALPIA,6.18,6.48,7.18,7.48,7.48,8.23,8.23,8.48,9.18,,,,,,,44.1724591,8.3566689 

 40,ANDORA STAZIONE FF.SS.,9.25,12.20,,,,,,,,,,,,,,, 
 40,ANDORA,8.40,9.00,9.30,9.45,10.00,10.30,11.00,11.30,12.00,12.25,12.45,,,,,43.9519286,8.1456487 
 40,LAIGUEGLIA,8.50,9.10,9.40,9.55,10.10,10.40,11.10,11.40,12.10,12.35,12.55,,,,,43.9788263,8.157351 
 40,ALASSIO,9.00,9.20,9.50,10.05,10.20,10.50,11.20,11.50,12.20,12.45,13.05,,,,,44.0080109,8.1730265 
 40,ALBENGA VADINO,9.14,9.34,10.04,10.19,10.34,11.04,11.34,12.04,12.34,12.59,13.14,13.19,13.19,,,44.0472894,8.2215848 
 40,ALBENGA CENTRO,9.15,9.35,10.05,10.20,10.35,11.05,11.35,12.05,12.35,13.00,13.15,13.20,13.2,,,44.0555318,8.1965998 
 40,ALBENGA OSPEDALE,10.25,11.40,,,,,,,,,,,,,,, 
 40,CERIALE,9.28,9.48,10.18,10.48,11.18,11.53,12.18,12.48,13.13,13.28,13.33,13.33,,,,44.091629,8.223251 
 40,BORGHETTO S.S.,9.33,9.53,10.23,10.53,11.23,11.58,12.23,12.53,13.18,13.33,13.38,13.38,,,,44.1144461,8.235328 
 40,LOANO,9.38,10.00,10.30,11.00,11.30,12.05,12.30,13.00,13.25,13.40,13.45,13.45,,,,44.1287537,8.2593713 
 40,PIETRA SANTA CORONA,9.45,10.05,10.35,11.05,11.35,12.10,12.35,13.05,13.30,13.50,13.5,,,,,, 
 40,BORGIO VEREZZI,9.50,10.10,10.40,11.10,11.40,12.15,12.40,13.10,13.35,13.55,13.55,,,,,44.164968200000004,8.306662116087459 
 40,FINALMARINA,9.55,10.15,10.45,11.15,11.45,12.20,12.45,13.15,13.40,14.00,14.0,,,,,44.1690789,8.3458301 
 40,FINALPIA,9.58,10.18,10.48,11.18,11.48,12.23,12.48,13.18,13.43,14.03,14.03,,,,,44.1724591,8.3566689 

 40,ANDORA STAZIONE FF.SS.,15.00,16.25,16.55,17.25,,,,,,,,,,,,, 
 40,ANDORA,13.10,13.35,14.05,14.40,15.05,15.35,16.00,16.30,17.00,17.3,,,,,,43.9519286,8.1456487 
 40,LAIGUEGLIA,13.20,13.45,14.15,14.50,15.15,15.45,16.10,16.40,17.10,17.4,,,,,,43.9788263,8.157351 
 40,ALASSIO,13.30,13.55,14.15,14.25,15.00,15.25,15.55,16.20,16.50,17.20,17.5,,,,,44.0080109,8.1730265 
 40,ALBENGA VADINO,13.44,13.49,13.49,14.09,14.29,14.39,15.14,15.39,16.09,16.34,17.04,17.34,18.04,,,44.0472894,8.2215848 
 40,ALBENGA CENTRO,13.45,13.50,13.50,14.10,14.30,14.40,15.15,15.40,16.10,16.35,17.05,17.35,18.05,,,44.0555318,8.1965998 
 40,ALBENGA OSPEDALE,,,,,,,,,,,,,,,,, 
 40,CERIALE,13.58,14.03,14.03,14.23,14.53,15.28,15.53,16.23,16.48,17.18,17.48,18.18,,,,44.091629,8.223251 
 40,BORGHETTO S.S.,14.03,14.08,14.08,14.28,14.58,15.33,15.58,16.28,16.53,17.23,17.53,18.23,,,,44.1144461,8.235328 
 40,LOANO,14.10,14.15,14.15,14.35,15.05,15.40,16.05,16.35,17.00,17.30,18.00,18.3,,,,44.1287537,8.2593713 
 40,PIETRA SANTA CORONA,14.15,14.20,14.40,15.10,15.45,16.10,16.40,17.05,17.35,18.05,18.35,,,,,, 
 40,BORGIO VEREZZI,14.20,14.25,14.45,15.15,15.50,16.15,16.45,17.10,17.40,18.10,18.4,,,,,44.164968200000004,8.306662116087459 
 40,FINALMARINA,14.25,14.30,14.50,15.20,15.55,16.20,16.50,17.15,17.45,18.15,18.45,,,,,44.1690789,8.3458301 
 40,FINALPIA,14.28,14.33,14.53,15.23,15.58,16.23,16.53,17.18,17.48,18.18,18.48,,,,,44.1724591,8.3566689 
 40,ANDORA STAZIONE FF.SS.,18.25,19.25,20.35,21.40,,,,,,,,,,,,, 
 40,ANDORA,18.00,18.30,19.00,19.30,19.45,20.00,20.40,21.15,21.45,23.00,,,,,,43.9519286,8.1456487 
 40,LAIGUEGLIA,18.10,18.40,19.10,19.40,19.55,20.10,20.50,21.25,21.55,23.10,,,,,,43.9788263,8.157351 
 40,ALASSIO,18.20,18.50,19.20,19.50,20.05,20.20,21.00,21.35,22.05,23.20,,,,,,44.0080109,8.1730265 
 40,ALBENGA VADINO,18.34,19.04,19.34,20.04,20.19,20.34,21.14,21.49,22.19,23.34,,,,,,44.0472894,8.2215848 
 40,ALBENGA CENTRO,18.35,19.05,19.35,20.05,20.20,20.35,21.15,21.50,22.20,23.35,,,,,,44.0555318,8.1965998 
 40,ALBENGA OSPEDALE,20.25,21.20,22.25,,,,,,,,,,,,,, 
 40,CERIALE,18.48,19.18,19.48,20.18,20.48,22.03,23.48,,,,,,,,,44.091629,8.223251 
 40,BORGHETTO S.S.,18.53,19.23,19.53,20.23,20.53,22.08,23.53,,,,,,,,,44.1144461,8.235328 
 40,LOANO,19.00,19.30,20.00,20.30,21.00,22.15,0.00,,,,,,,,,44.1287537,8.2593713 
 40,PIETRA SANTA CORONA,19.05,19.35,20.05,20.35,21.05,22.20,0.05,,,,,,,,,, 
 40,BORGIO VEREZZI,19.10,19.40,20.10,20.40,21.10,22.25,0.10,,,,,,,,,44.164968200000004,8.306662116087459 
 40,FINALMARINA,19.15,19.45,20.15,20.45,21.15,22.30,0.15,,,,,,,,,44.1690789,8.3458301 
 40,FINALPIA,19.18,19.48,20.18,20.48,21.18,22.33,0.18,,,,,,,,,44.1724591,8.3566689 

 40/,FINALBORGO,5.43,6.20,6.45,6.55,7.30,7.55,8.25,8.55,,,,,,,,44.1763193,8.3276369 
 40/,FINALMARINA,5.48,6.25,6.50,7.00,7.35,8.0,8.3,9.0,,,,,,,,44.1690789,8.3458301 
 40/,FINALPIA,5.51,6.28,6.53,7.03,7.38,8.03,8.33,9.03,,,,,,,,44.1724591,8.3566689 
 40/,VARIGOTTI,5.58,6.35,7.00,7.10,7.45,8.1,8.4,9.1,,,,,,,,44.1824374,8.3953613 
 40/,NOLI,6.03,6.40,7.05,7.15,7.15,7.50,8.15,8.45,9.15,,,,,,,44.2058832,8.416419 
 40/,SPOTORNO,6.08,6.45,7.10,7.20,7.20,7.55,8.2,8.5,9.2,,,,,,,44.2272571,8.4191772 
 40/,BERGEGGI,6.13,6.50,7.15,7.25,7.25,8.00,8.25,8.55,9.25,,,,,,,44.249735,8.443353 
 40/,VADO LIGURE,6.18,6.55,7.20,7.30,7.30,8.05,8.3,9.0,9.3,,,,,,,44.2714401,8.4382205 
 40/,SAVONA LEGINO DEP. TPL LATO,MARE,6.25,7.37,7.37,8.12,8.37,9.07,9.37,,,,,,,,, 
 40/,SAVONA STAZIONE FF.SS. LATO,MARE,6.30,8.17,8.42,9.12,9.42,,,,,,,,,,, 
 40/,SAVONA VIA XX SETTEMBRE,8.22,8.47,9.17,9.47,,,,,,,,,,,,, 
 40/,SAVONA SAN MICHELE LATO MON,TE,8.26,8.51,9.21,9.51,,,,,,,,,,,, 
 40/,SAVONA VIA NIZZA LATO MONTE,8.30,8.55,9.25,9.55,,,,,,,,,,,,, 
 40/,SAVONA VIA NIZZA LATO MARE,5.17,5.37,5.55,6.25,6.40,7.02,7.27,,,,,,,,,, 
 40/,SAVONA SAN MICHELE LATO MAR,E,5.20,5.40,5.58,6.28,6.43,7.05,7.30,,,,,,,,, 
 40/,SAVONA PIAZZA MAMELI,5.25,5.45,6.03,6.33,6.33,6.48,7.10,7.35,7.45,7.45,,,,,,, 
 40/,SAVONA STAZIONE FF.SS. LATO,MONTE,5.28,5.48,6.08,6.38,6.53,7.15,7.40,,,,,,,,, 

 40/,FINALBORGO,9.30,10.00,10.30,11.00,11.35,12.05,12.35,13.10,13.10,13.40,14.00,14.4,15.1,15.45,,44.1763193,8.3276369 
 40/,FINALMARINA,9.35,10.05,10.35,11.05,11.40,12.10,12.40,13.15,13.15,13.45,14.05,14.45,15.15,15.5,,44.1690789,8.3458301 
 40/,FINALPIA,9.38,10.08,10.38,11.08,11.43,12.13,12.43,13.18,13.18,13.48,14.08,14.48,15.18,15.53,,44.1724591,8.3566689 
 40/,VARIGOTTI,9.45,10.15,10.45,11.15,11.50,12.20,12.50,13.25,13.25,13.55,14.15,14.55,15.25,16.0,,44.1824374,8.3953613 
 40/,NOLI,9.50,10.20,10.50,11.20,11.55,12.25,12.55,13.30,13.30,14.00,14.20,15.0,15.3,16.05,,44.2058832,8.416419 
 40/,SPOTORNO,9.55,10.25,10.55,11.25,12.00,12.30,13.00,13.35,13.35,14.05,14.25,15.05,15.35,16.1,,44.2272571,8.4191772 
 40/,BERGEGGI,10.00,10.30,11.00,11.30,12.05,12.35,13.05,13.40,13.40,14.10,14.30,15.1,15.4,16.15,,44.249735,8.443353 
 40/,VADO LIGURE,10.05,10.35,11.05,11.35,12.10,12.40,13.10,13.45,13.45,14.15,14.35,15.15,15.45,16.2,,44.2714401,8.4382205 
 40/,SAVONA LEGINO DEP. TPL LATO,MARE,10.12,10.42,11.12,11.42,12.17,12.47,13.17,13.52,13.52,14.22,14.42,15.22,15.52,16.27,, 
 40/,SAVONA STAZIONE FF.SS. LATO,MARE,10.17,10.47,11.17,11.47,12.22,12.52,13.22,13.57,14.27,14.47,15.27,15.57,16.32,,, 
 40/,SAVONA VIA XX SETTEMBRE,10.22,10.52,11.22,11.52,12.27,12.57,13.27,14.02,14.32,14.52,15.32,16.02,16.37,,,, 
 40/,SAVONA SAN MICHELE LATO MON,TE,10.26,10.56,11.26,11.56,12.31,13.01,14.06,14.36,14.56,15.36,16.06,16.41,,,, 
 40/,SAVONA VIA NIZZA LATO MONTE,10.30,11.00,11.30,12.00,12.35,13.05,14.10,14.40,15.00,15.4,16.1,16.45,,,,, 
 40/,SAVONA PIAZZA MAMELI,14.00,,,,,,,,,,,,,,,, 
 40/,FINALBORGO,16.15,16.45,17.15,17.50,18.20,18.50,19.25,19.55,20.25,20.50,21.25,22.25,,,,44.1763193,8.3276369 
 40/,FINALMARINA,16.20,16.50,17.20,17.55,18.25,18.55,19.30,20.00,20.30,20.55,21.30,22.3,,,,44.1690789,8.3458301 
 40/,FINALPIA,16.23,16.53,17.23,17.58,18.28,18.58,19.33,20.03,20.33,20.58,21.33,22.33,,,,44.1724591,8.3566689 
 40/,VARIGOTTI,16.30,17.00,17.30,18.05,18.35,19.05,19.40,20.10,20.40,21.05,21.40,22.4,,,,44.1824374,8.3953613 
 40/,NOLI,16.35,17.05,17.35,18.10,18.40,19.10,19.45,20.15,20.45,21.10,21.45,22.45,,,,44.2058832,8.416419 
 40/,SPOTORNO,16.40,17.10,17.40,18.15,18.45,19.15,19.50,20.20,20.50,21.15,21.50,22.5,,,,44.2272571,8.4191772 
 40/,BERGEGGI,16.45,17.15,17.45,18.20,18.50,19.20,19.55,20.25,20.55,21.20,21.55,22.55,,,,44.249735,8.443353 
 40/,VADO LIGURE,16.50,17.20,17.50,18.25,18.55,19.25,20.00,20.30,21.00,21.25,22.00,23.0,,,,44.2714401,8.4382205 
 40/,SAVONA LEGINO DEP. TPL LATO,MARE,16.57,17.27,17.57,18.32,19.02,19.32,20.07,20.37,21.07,21.32,22.07,23.07,,,, 
 40/,SAVONA STAZIONE FF.SS. LATO,MARE,17.02,17.32,18.02,18.37,19.07,19.37,20.12,20.42,21.12,21.37,22.12,23.12,,,, 
 40/,SAVONA VIA XX SETTEMBRE,17.07,17.37,18.07,18.42,19.12,19.42,20.17,20.47,21.17,21.42,22.17,23.17,,,,, 
 40/,SAVONA SAN MICHELE LATO MON,TE,17.11,17.41,18.11,18.46,19.16,19.46,20.21,20.51,21.21,21.46,22.21,23.21,,,, 
 40/,SAVONA VIA NIZZA LATO MONTE,17.15,17.45,18.15,18.50,19.20,19.50,20.25,20.55,21.25,21.50,22.25,23.25,,,,, 
